block_id,cell_id,anchor_target_rho,split_incidence,expected_seed_count,lpips_alex,unconditional_lpips_alex,dino_cosine_distance,unconditional_dino_cosine_distance,descendant_rate_cond
P2P_B000,W8_L1.00,0.1,0.4810863439478599,0.6501592795011077,0.002822804422748959,0.0013580126594201457,0.004433684051036835,0.0021329848503332475,0.0
P2P_B000,W8_L1.00,0.3,0.2119290418346903,0.2360072773185174,0.010588349841782474,0.0022439788365794544,0.015178315341472626,0.0032167258269830737,0.03879310344827586
P2P_B000,W8_L1.00,0.5,0.13629750808502838,0.14500860759268733,0.02962270291754976,0.004037500590405132,0.04112976789474487,0.00560588487216933,0.07521186440677967
P2P_B000,W8_L1.00,0.7,0.1169566717190772,0.12283117664192914,0.055955655756406486,0.006544387261127726,0.07880854606628418,0.009217185250932172,0.12207602339181287
P2P_B000,W8_L1.00,0.9,0.07178612555321351,0.07393249239074057,0.21991603076457977,0.01578691979563049,0.23871904611587524,0.017136715416417585,0.3838495575221239
P2P_B001,W8_L1.00,0.1,0.4887026535499278,0.6650891363868425,0.005345691373804584,0.0026124535594372594,0.003992050886154175,0.001950925861169886,0.0
P2P_B001,W8_L1.00,0.3,0.19880512607510537,0.21977903259064538,0.012151446280768141,0.0024157698098429803,0.008648708462715149,0.001719407576316916,0.036637931034482756
P2P_B001,W8_L1.00,0.5,0.12030595989110171,0.12710350435657192,0.0416023104917258,0.005005005897394724,0.04740642011165619,0.005703274876533627,0.07415254237288135
P2P_B001,W8_L1.00,0.7,0.08315036052853919,0.08611433144517423,0.1284238318912685,0.010678487922215485,0.16515356302261353,0.013732578307903134,0.2324561403508772
P2P_B001,W8_L1.00,0.9,0.08859915275104813,0.09187127622798913,0.17202010191977024,0.015240835286240591,0.17169146239757538,0.015211718103013616,0.3661504424778761
P2P_B002,W4_L1.00,0.3,0.9936285766650788,4.180447978916926,0.04114553448744118,0.04088337886888009,0.011679500341415405,0.01160508530039989,0.1206896551724138
P2P_B002,W4_L1.00,0.5,0.9778178811635025,2.8423908827936364,0.08113125897943974,0.07933159575140315,0.040287792682647705,0.03939412407770104,0.211864406779661
P2P_B002,W8_L1.00,0.1,0.5484159088654973,0.7866720386913196,0.007283561673830263,0.0039944210951315265,0.0025093480944633484,0.001376166415885021,0.0
P2P_B002,W8_L1.00,0.3,0.24909397987745463,0.2832498407040275,0.008903521786123747,0.0022178136766311876,0.0033499449491500854,0.0008344511197541721,0.02586206896551724
P2P_B002,W8_L1.00,0.5,0.13365058875373836,0.14212562469261747,0.04216461023315787,0.005635324982233451,0.014014527201652527,0.0018730498116061416,0.09639830508474576
P2P_B002,W8_L1.00,0.7,0.12976356738184758,0.1361742352460361,0.09101378917694092,0.011810273964539243,0.04346969723701477,0.005640782986483879,0.16666666666666666
P2P_B002,W8_L1.00,0.9,0.07036911020090142,0.07239156662291546,0.3116604574024677,0.021931269072217593,0.12130323052406311,0.008536000396473146,0.497787610619469
P2P_B003,W8_L1.00,0.1,0.5736579531987935,0.8429062928232306,0.0050192901148875535,0.0028793556938173314,0.0037756189703941345,0.0021659138506148353,0.0
P2P_B003,W8_L1.00,0.3,0.21254302375998047,0.23676208058056714,0.008288479813927552,0.0017616585620257221,0.004470229148864746,0.000950116020199717,0.03879310344827586
P2P_B003,W8_L1.00,0.5,0.12649743833589477,0.13403791805454676,0.035467076842905954,0.004486494365889937,0.014337994158267975,0.0018137195318959226,0.11228813559322035
P2P_B003,W8_L1.00,0.7,0.10179426465989594,0.10638571044321816,0.06494804800240672,0.0066113387875006155,0.028991274535655975,0.002951145472910266,0.14108187134502922
P2P_B003,W8_L1.00,0.9,0.06881024078064524,0.07077753300459698,0.1680181222036481,0.0115613674443449,0.05885865539312363,0.00405007824962586,0.2815265486725664
P2P_B004,W8_L1.00,0.1,0.5236393046410397,0.73360459875821,0.004137203439313453,0.0021664023321206144,0.0052899643778800964,0.0027700332684090037,0.0
P2P_B004,W8_L1.00,0.3,0.2420276218193096,0.2741805529783892,0.010559436836047098,0.002555675385179694,0.0084463432431221,0.0020442483682024367,0.06465517241379311
P2P_B004,W8_L1.00,0.5,0.12737095165371615,0.1349220070557604,0.014444311949773692,0.0018397857590258192,0.01610308140516281,0.002051064803132848,0.07733050847457627
P2P_B004,W8_L1.00,0.7,0.11664264668832636,0.12263480168084755,0.05538195092231035,0.006459897334341276,0.05679182708263397,0.006624349021184198,0.1783625730994152
P2P_B004,W8_L1.00,0.9,0.09530377762188968,0.0990404553188591,0.1674769725650549,0.01596118815012731,0.14934109151363373,0.014232770175425626,0.41648230088495575
P2P_B005,W4_L1.00,0.3,0.9843388762283819,3.462544583801627,0.01357840036507696,0.013365747356338905,0.03799363970756531,0.03739861661357086,0.08620689655172414
P2P_B005,W4_L1.00,0.5,0.9639463986899175,2.4369158965794764,0.0321832459885627,0.03102292406882675,0.10973884165287018,0.10578236120768732,0.15466101694915255
P2P_B005,W8_L1.00,0.1,0.4173620808821039,0.5357039752963091,0.001673414277320262,0.0006984196649602067,0.005088932812213898,0.0021239275879748093,0.0
P2P_B005,W8_L1.00,0.3,0.1945344023111809,0.21414418158695317,0.0025112688028343655,0.0004885281756020981,0.008569493889808655,0.0016670613719632435,0.023706896551724137
P2P_B005,W8_L1.00,0.5,0.13196325095630523,0.13997852732179006,0.019105674371530768,0.002521246901779764,0.05066876858472824,0.006686415424393448,0.0646186440677966
P2P_B005,W8_L1.00,0.7,0.10573532242207595,0.11067863995105812,0.03672249532019123,0.003882864882823595,0.08104252815246582,0.008569057844101141,0.12426900584795321
P2P_B005,W8_L1.00,0.9,0.07524664317377605,0.07758559311650669,0.1188845387659967,0.008945662467403899,0.17121540009975433,0.012883384117161514,0.33573008849557523
P2P_B006,W4_L1.00,0.3,0.9932214853067626,4.145590646830584,0.05054431292228401,0.050201697554480715,0.03344699740409851,0.03322027644075015,0.1206896551724138
P2P_B006,W4_L1.00,0.5,0.9346787297976807,2.263774300469826,0.17551305703818798,0.16404832121536142,0.09172794222831726,0.08573615652891861,0.2457627118644068
P2P_B006,W8_L1.00,0.1,0.5075429687551423,0.701868053291561,0.007652222644537687,0.0038838317985839836,0.006263986229896545,0.0031792421673630237,0.0
P2P_B006,W8_L1.00,0.3,0.22593590985082057,0.2536465547530602,0.016284874989651144,0.003679338047593703,0.009536288678646088,0.0021545900592099833,0.034482758620689655
P2P_B006,W8_L1.00,0.5,0.13271564009324277,0.14099547500856946,0.06161368382163346,0.00817709948689076,0.033563338220119476,0.004454379915549156,0.09533898305084745
P2P_B006,W8_L1.00,0.7,0.11086390264918433,0.11632759859143278,0.19869207218289375,0.02202777854764904,0.10747092217206955,0.011914645853302385,0.27266081871345027
P2P_B006,W8_L1.00,0.9,0.06661743999830305,0.06843879128994418,0.41007960215210915,0.02731845329089612,0.25534331798553467,0.017010318164868973,0.5094026548672567
P2P_B007,W8_L1.00,0.1,0.4721795272407172,0.6336906332376265,0.005756361333624227,0.002718035973137432,0.007979847490787506,0.003767920615653068,0.0
P2P_B007,W8_L1.00,0.3,0.21472166733790365,0.23949973465612165,0.011159231391502544,0.002396128770592901,0.013482198119163513,0.002894920059526738,0.04741379310344827
P2P_B007,W8_L1.00,0.5,0.13753008466061223,0.14654130644436955,0.039809414360206574,0.005474992127248602,0.04241904616355896,0.005833895010096682,0.09216101694915255
P2P_B007,W8_L1.00,0.7,0.10324515896750774,0.10776299111054613,0.08697415050119162,0.008979659994559472,0.10094374418258667,0.010421952914906597,0.18055555555555555
P2P_B007,W8_L1.00,0.9,0.06131347180258795,0.06282576577694143,0.30356854014098644,0.01861284112608716,0.26142503321170807,0.01602887640231668,0.5210176991150443
P2P_B008,W4_L1.00,0.3,0.9968836400018909,4.527071263812846,0.062136187218129635,0.06194254848984804,0.08908364176750183,0.08880602506981171,0.14655172413793105
P2P_B008,W4_L1.00,0.5,0.980264124880217,3.0754349601508766,0.12108727917075157,0.11869751575044331,0.16158948838710785,0.15840037842363025,0.24364406779661016
P2P_B008,W8_L1.00,0.1,0.5623301364953273,0.8172458376511159,0.011980163057160098,0.006736806727169115,0.016955144703388214,0.00953438883535432,0.0
P2P_B008,W8_L1.00,0.3,0.2481586497684194,0.28207681427711107,0.0260895355604589,0.006474343917768643,0.03650810569524765,0.0090598022149354,0.06465517241379311
P2P_B008,W8_L1.00,0.5,0.14654099264050013,0.15663230343734916,0.04202124319272116,0.006157834689449217,0.054874107241630554,0.008041306145449798,0.1016949152542373
P2P_B008,W8_L1.00,0.7,0.11202989799333674,0.11753090691253308,0.14204311277717352,0.015913075435082774,0.1313353106379509,0.014713481453692832,0.23830409356725146
P2P_B008,W8_L1.00,0.9,0.08266579271816954,0.08552654960556938,0.36578626930713654,0.03023801191769629,0.29530423134565353,0.02441155837721818,0.5315265486725664
P2P_B009,W8_L1.00,0.1,0.5176996587987117,0.7221957605508571,0.0034660017081478145,0.0017943479017038756,0.0027288123965263367,0.0014127052466073793,0.0
P2P_B009,W8_L1.00,0.3,0.23556866034444335,0.26590726150711214,0.010689943184843287,0.002518215595211745,0.008286431431770325,0.001952023551418223,0.03232758620689655
P2P_B009,W8_L1.00,0.5,0.12586566904344443,0.13323802655333755,0.02689371714950539,0.0033849957020876515,0.02512316405773163,0.0031621438526146075,0.07097457627118645
P2P_B009,W8_L1.00,0.7,0.09552602462342108,0.09951078437367271,0.04974083204251656,0.004751543946482889,0.07051871716976166,0.006736372712770719,0.13304093567251463
P2P_B009,W8_L1.00,0.9,0.07400417974606188,0.07620032226796788,0.15344544686377048,0.011355604430921259,0.1484052985906601,0.010982612392171194,0.3938053097345133
P2P_B010,W4_L1.00,0.3,0.988341996873538,3.684734934106412,0.023305562859604834,0.023033866534923602,0.06479567289352417,0.06404028473635025,0.07758620689655171
P2P_B010,W4_L1.00,0.5,0.8699618873432828,1.7497650773357603,0.04386463621631265,0.03816056171036987,0.06970140337944031,0.06063756443445336,0.09745762711864407
P2P_B010,W8_L1.00,0.1,0.42565169945707926,0.5493382820940865,0.005366263361793244,0.0022841591196815537,0.013849988579750061,0.0058952711764317526,0.0
P2P_B010,W8_L1.00,0.3,0.17581975799269145,0.19177897242301672,0.006270736157844681,0.0011025193137082715,0.013968810439109802,0.0024559928708500676,0.015086206896551723
P2P_B010,W8_L1.00,0.5,0.10323165215747976,0.10803016282446679,0.046218864598657206,0.004771249753362236,0.07189088314771652,0.007421414642399095,0.09851694915254237
P2P_B010,W8_L1.00,0.7,0.08641896757830492,0.08955368108863378,0.05779707757756114,0.004994763773296031,0.10914728790521622,0.009432395934740793,0.1154970760233918
P2P_B010,W8_L1.00,0.9,0.07637511328301638,0.07871025877234267,0.1483387383632362,0.011329387946751892,0.24806512147188187,0.018946001753980198,0.27876106194690264
P2P_B011,W8_L1.00,0.1,0.5553812721464886,0.8013656071273794,0.005775797966634855,0.0032077700223707675,0.00517544150352478,0.002874343286147328,0.0
P2P_B011,W8_L1.00,0.3,0.25695784280428413,0.29350243514149704,0.0056809822272043675,0.0014597729381119117,0.005334295332431793,0.0013706890215026352,0.028017241379310345
P2P_B011,W8_L1.00,0.5,0.132852952392171,0.14113049884980133,0.027985587832517922,0.0037179679679804232,0.01550203561782837,0.0020594911999170912,0.07627118644067797
P2P_B011,W8_L1.00,0.7,0.09173409283475009,0.09538991665084008,0.06982175190933049,0.006405035071535412,0.046509742736816406,0.00426652905793946,0.16228070175438597
P2P_B011,W8_L1.00,0.9,0.07947909228633232,0.0819941805680636,0.19913367740809917,0.015826963924035042,0.13882599771022797,0.011033764283753368,0.38606194690265483
P2P_B012,W4_L1.00,0.3,0.9991165260291496,5.4244240054482935,0.02536802040413022,0.02534560841841117,0.011250287294387817,0.011240347958398636,0.12068965517241378
P2P_B012,W4_L1.00,0.5,0.9678295804013253,2.7380051691437757,0.03511392034124583,0.03398429079011351,0.02180001139640808,0.02109869588252974,0.1038135593220339
P2P_B012,W8_L1.00,0.1,0.5438525625983148,0.7768982791918586,0.0027466961082609487,0.0014937977171565354,0.000981748104095459,0.0005339262222383525,0.0
P2P_B012,W8_L1.00,0.3,0.21144147197954144,0.23525351149333062,0.006407359236618504,0.0013547814684923274,0.004267871379852295,0.0009024050067753259,0.028017241379310345
P2P_B012,W8_L1.00,0.5,0.14282471397919827,0.15251786261937633,0.014580330564058386,0.0020824315425338013,0.0121072456240654,0.0017292138933330404,0.0635593220338983
P2P_B012,W8_L1.00,0.7,0.14415070600003077,0.1530985479426629,0.05189017941302154,0.0074800059968553176,0.03430197387933731,0.004944653751901088,0.15277777777777776
P2P_B012,W8_L1.00,0.9,0.13495217643338642,0.1425264992730479,0.12317835353314877,0.01662318689877954,0.0728568509221077,0.00983219060002121,0.37555309734513276
P2P_B013,W4_L1.00,0.3,0.9982520059230852,4.994888978986329,0.03504424495622516,0.03498298782361172,0.03232978284358978,0.03227327057467125,0.16379310344827586
P2P_B013,W4_L1.00,0.5,0.9550984397949754,2.5295423791500373,0.04082570970058441,0.038992571638550765,0.037561580538749695,0.035875006968793144,0.15677966101694915
P2P_B013,W8_L1.00,0.1,0.5444277087156149,0.7776993134924719,0.001792753206245834,0.0009760245203689915,0.001373007893562317,0.000747503541540585,0.0
P2P_B013,W8_L1.00,0.3,0.23125580330812867,0.26000974537639676,0.00574622802059821,0.001328848576895117,0.0038391798734664917,0.0008878326256828934,0.030172413793103446
P2P_B013,W8_L1.00,0.5,0.1529380921799638,0.16412738002474325,0.041141619672998786,0.0062921208219821004,0.04181306064128876,0.006394809722683836,0.13983050847457626
P2P_B013,W8_L1.00,0.7,0.10579359477597339,0.11071475402278455,0.06687459909881,0.00707490423786518,0.061922796070575714,0.006551035194885724,0.1739766081871345
P2P_B013,W8_L1.00,0.9,0.09727906513093598,0.10121888047667893,0.2712211459875107,0.026384139525406147,0.20087536424398422,0.01954096764149103,0.5381637168141593
P2P_B014,W8_L1.00,0.1,0.5448471052563841,0.7787286340263114,0.004006747773019015,0.002183064925621874,0.003347955644130707,0.0018241239412313886,0.0
P2P_B014,W8_L1.00,0.3,0.24775002674268964,0.2815744711198566,0.0073650175036164,0.0018246832834813405,0.005890682339668274,0.0014594167071855044,0.028017241379310345
P2P_B014,W8_L1.00,0.5,0.13692237093890303,0.1458641083664063,0.029413332871627063,0.00402734327399835,0.02381782978773117,0.0032611937251553814,0.0815677966101695
P2P_B014,W8_L1.00,0.7,0.12559301637135845,0.13258072093874826,0.05846476193983108,0.007342765803456779,0.05663753300905228,0.007113278610439257,0.12719298245614036
P2P_B014,W8_L1.00,0.9,0.10840003390530462,0.11322058949274659,0.2077594231814146,0.022521128517011872,0.17514795809984207,0.018986044596467754,0.4513274336283186
P2P_B015,W8_L1.00,0.1,0.4887554711781076,0.6649325738116053,0.005592798879661132,0.0027335110516331688,0.0025809630751609802,0.0012614598238936024,0.0
P2P_B015,W8_L1.00,0.3,0.22024997044458916,0.24640063771678264,0.010537790512898937,0.002320948049017263,0.0037007108330726624,0.0008150814516082248,0.040948275862068964
P2P_B015,W8_L1.00,0.5,0.13931689399026814,0.14861171664475004,0.029255547440698138,0.004075792001423003,0.01105477660894394,0.0015401171409143387,0.07415254237288135
P2P_B015,W8_L1.00,0.7,0.09556791951132826,0.09953020372180214,0.07515486935153604,0.007182394505071987,0.03369615972042084,0.00322027188000204,0.1769005847953216
P2P_B015,W8_L1.00,0.9,0.06599672234978982,0.0677644585045313,0.18945977184921503,0.012503723959187169,0.12710973620414734,0.008388825968220139,0.3689159292035398
P2P_B016,W4_L1.00,0.3,0.9933542295951768,4.188201054096299,0.03177629364654422,0.03156511569465304,0.02134263515472412,0.021200796901651917,0.11206896551724138
P2P_B016,W4_L1.00,0.5,0.9557239318082783,2.492069203182135,0.07053177151829004,0.0674089019928633,0.04355573654174805,0.04162725978048495,0.19491525423728812
P2P_B016,W8_L1.00,0.1,0.521303334910934,0.7296797936545996,0.0041983083501691,0.0021885921439275726,0.002320915460586548,0.0012099009696501138,0.0
P2P_B016,W8_L1.00,0.3,0.206043439887868,0.22860315010707566,0.013537174323573709,0.0027892459639908495,0.007594257593154907,0.0015647469578881981,0.06681034482758622
P2P_B016,W8_L1.00,0.5,0.12465411903291901,0.1319679043456976,0.034609292983077466,0.004314190927157707,0.018568895757198334,0.0023146893420276657,0.09216101694915255
P2P_B016,W8_L1.00,0.7,0.10474990345682844,0.1095452679246999,0.08168775303056464,0.008556784243556891,0.05286630243062973,0.005537740075727959,0.17763157894736842
P2P_B016,W8_L1.00,0.9,0.06973292763992356,0.07170192123006139,0.25827597081661224,0.018010339584085832,0.12118170410394669,0.008450355003563143,0.3982300884955752
P2P_B017,W4_L1.00,0.3,0.9892538376306318,3.818239902121902,0.03383593447506428,0.03347232802927593,0.00986209511756897,0.00975611544213342,0.11637931034482758
P2P_B017,W4_L1.00,0.5,0.9753062801764739,2.840692186083874,0.05816911347210407,0.05673270168164104,0.016852647066116333,0.016436492521180887,0.125
P2P_B017,W8_L1.00,0.1,0.5372010415378801,0.7622079815514454,0.006276628409978002,0.003371811319186431,0.0020738616585731506,0.001114080642990972,0.0
P2P_B017,W8_L1.00,0.3,0.2168336375616048,0.24200762340795712,0.008781707263551652,0.0019041695299570711,0.0020763352513313293,0.00045021932534356103,0.02586206896551724
P2P_B017,W8_L1.00,0.5,0.13747366383013526,0.14632768430138335,0.03481464780634269,0.004786097188893711,0.016891896724700928,0.0023221909317848984,0.07838983050847458
P2P_B017,W8_L1.00,0.7,0.10449010894926691,0.10909222021504564,0.10294903628528118,0.010757156017671063,0.036261990666389465,0.003789019355448335,0.19736842105263158
P2P_B017,W8_L1.00,0.9,0.0655865520694815,0.0673423641984688,0.20249716192483902,0.01328109065450568,0.0721830204129219,0.004734235426844548,0.36670353982300885
P2P_B018,W4_L1.00,0.3,0.9929824520019477,4.0782698839246105,0.022178754210472107,0.022023113738263114,0.008771568536758423,0.008710013633533515,0.05603448275862069
P2P_B018,W4_L1.00,0.5,0.9153004702135509,2.102191098448289,0.039604478515684605,0.036249997807968594,0.024741679430007935,0.022646070816159204,0.09322033898305085
P2P_B018,W8_L1.00,0.1,0.49758024717085525,0.6821964223804934,0.009438096138183028,0.004696210209259405,0.004042662680149078,0.0020115490956169706,0.0
P2P_B018,W8_L1.00,0.3,0.19332847659260788,0.21305929234892362,0.011027713771909475,0.0021319711038225806,0.006435312330722809,0.0012441291292962654,0.034482758620689655
P2P_B018,W8_L1.00,0.5,0.14192530351857013,0.15142693954816533,0.03552072518505156,0.005041289703088161,0.01909603178501129,0.00271021010708799,0.0836864406779661
P2P_B018,W8_L1.00,0.7,0.09628491249680615,0.1003800971026111,0.11768134590238333,0.011330938092717355,0.06479676067829132,0.006238950431985769,0.2046783625730994
P2P_B018,W8_L1.00,0.9,0.06830607272675648,0.07021327577916826,0.2420762348920107,0.016535276905953068,0.15329953283071518,0.010471289038512624,0.44469026548672563
P2P_B019,W8_L1.00,0.1,0.5177029645895733,0.7222647650994672,0.006276063155382872,0.0032491365014931045,0.003013826906681061,0.0015602671243486086,0.0
P2P_B019,W8_L1.00,0.3,0.23968165467810254,0.27105777371319645,0.022250663372687995,0.0053330758148513084,0.012230806052684784,0.0029314998327544407,0.0625
P2P_B019,W8_L1.00,0.5,0.14698553440432482,0.15722132148727835,0.03778541320934892,0.005553909153264385,0.02523648738861084,0.003709398585302968,0.06567796610169492
P2P_B019,W8_L1.00,0.7,0.11237628701784752,0.11794273617779266,0.1669031484052539,0.01875595610937121,0.11193020641803741,0.012578301002400292,0.2711988304093567
P2P_B019,W8_L1.00,0.9,0.06552257005680118,0.0672597496356459,0.3971771411597729,0.02602406705660123,0.2743671163916588,0.017977238605054985,0.5591814159292036
P2P_B020,W4_L1.00,0.3,0.9989268138242883,5.146586048456131,0.01917601586319506,0.019155436428065453,0.008046820759773254,0.008038185022975436,0.09051724137931035
P2P_B020,W4_L1.00,0.5,0.9825152388733892,3.0438722373239435,0.035572382621467113,0.03495040800862636,0.01815962791442871,0.017842111158196793,0.13135593220338984
P2P_B020,W8_L1.00,0.1,0.5522316586720548,0.7947589010018172,0.002504121308447793,0.001382855063680161,0.0006020963191986084,0.00033249664903138647,0.0
P2P_B020,W8_L1.00,0.3,0.22354831950408427,0.2505736386783616,0.0070785535863251425,0.0015823987587425944,0.0017405152320861816,0.0003890892552041271,0.04741379310344827
P2P_B020,W8_L1.00,0.5,0.1472961479746837,0.15769877683331385,0.027193471789360046,0.004005493644630965,0.009687930345535278,0.001426994821744393,0.09745762711864407
P2P_B020,W8_L1.00,0.7,0.15324681336894797,0.16321921559420782,0.06593257514759898,0.010103957038578238,0.025861814618110657,0.003963240678163934,0.1922514619883041
P2P_B020,W8_L1.00,0.9,0.14901141478653057,0.158440417824697,0.18542354553937912,0.027630224855557564,0.06967952102422714,0.010383044009467888,0.42809734513274333
P2P_B021,W8_L1.00,0.1,0.5097940919761501,0.7063259827239868,0.00584472221089527,0.0029796048523561907,0.004218943417072296,0.0021507924284051272,0.0
P2P_B021,W8_L1.00,0.3,0.20030066254871937,0.22155170441583524,0.007712299702689052,0.0015447787402229085,0.0033680424094200134,0.0006746211260990139,0.021551724137931036
P2P_B021,W8_L1.00,0.5,0.12509082635436064,0.13243722942479783,0.02396175466128625,0.0029973956914807497,0.008610576391220093,0.00107710411616507,0.05402542372881356
P2P_B021,W8_L1.00,0.7,0.10939700282108633,0.11459513402988591,0.06584196886979043,0.007202914054194343,0.05294147878885269,0.0057916391044166,0.1388888888888889
P2P_B021,W8_L1.00,0.9,0.09115833421958486,0.09458082773836848,0.1640831045806408,0.014957542487149148,0.11503193527460098,0.01048611960168773,0.2997787610619469
P2P_B022,W8_L1.00,0.1,0.4813486657021322,0.6498165894134883,0.001071204798073211,0.000515623000246262,0.0009974762797355652,0.0004801338763202411,0.0
P2P_B022,W8_L1.00,0.3,0.19255420347813246,0.21175120301417621,0.00258558000463438,0.0004978642983213591,0.005049802362918854,0.0009723606717138311,0.023706896551724137
P2P_B022,W8_L1.00,0.5,0.13318546288143074,0.14150955356496425,0.011095576572500931,0.0014777695017448953,0.013199232518672943,0.0017579458926790888,0.048728813559322036
P2P_B022,W8_L1.00,0.7,0.11354063479108656,0.11871499258205392,0.028684408927801996,0.0032568459982697494,0.0526498407125473,0.005977896336152214,0.12792397660818713
P2P_B022,W8_L1.00,0.9,0.09276595867056237,0.09609762857548307,0.12628727219998837,0.011715159873522181,0.20366716384887695,0.018893379704155572,0.37057522123893805
P2P_B023,W4_L1.00,0.3,0.9958926828494254,4.456312194667297,0.020759892649948597,0.020674625186823375,0.010782808065414429,0.010738519652916,0.1163793103448276
P2P_B023,W4_L1.00,0.5,0.9751356812008222,2.7475474463933702,0.04083015723153949,0.039814943185513936,0.019188806414604187,0.01871168981453576,0.1461864406779661
P2P_B023,W8_L1.00,0.1,0.5544260863838968,0.7999489296312325,0.004080010963662062,0.0022620645109865485,0.0012004300951957703,0.0006655497596568396,0.0
P2P_B023,W8_L1.00,0.3,0.22878833953464106,0.25727541126298326,0.008137149910908192,0.0018616850166611378,0.004019677639007568,0.0009196553724930679,0.036637931034482756
P2P_B023,W8_L1.00,0.5,0.16579921908625217,0.1788873712326535,0.023038514009385835,0.003819767631663852,0.01080738753080368,0.0017918564129697492,0.0815677966101695
P2P_B023,W8_L1.00,0.7,0.09600221079815163,0.09993281841700208,0.05533033120445907,0.005311834119822027,0.0300532728433609,0.002885180634682699,0.16520467836257308
P2P_B023,W8_L1.00,0.9,0.09686672797108797,0.10081948934634925,0.2397392988204956,0.02322276144282432,0.11326456069946289,0.010971567390039653,0.4706858407079646
P2P_B024,W8_L1.00,0.1,0.5318871752246823,0.7514919257642825,0.0066490547033026814,0.0035365469240540514,0.0036689862608909607,0.0019514867382434623,0.0
P2P_B024,W8_L1.00,0.3,0.2236041463112477,0.2505777921245196,0.022606453683692962,0.005054896777066925,0.008766613900661469,0.001960251217297725,0.0625
P2P_B024,W8_L1.00,0.5,0.129142897948611,0.13694386804364728,0.060481164837256074,0.007810712898390882,0.03939133882522583,0.005087111649965298,0.11122881355932204
P2P_B024,W8_L1.00,0.7,0.09789121962640057,0.1021022332761132,0.1294082049280405,0.012667927010069066,0.06732092797756195,0.0065901277461046116,0.17251461988304093
P2P_B024,W8_L1.00,0.9,0.05520489323031286,0.056463631693001955,0.3148224987089634,0.01737974242772863,0.2482573315501213,0.013705019481866827,0.42035398230088494
P2P_B025,W4_L1.00,0.3,0.993361306602885,4.187802546143505,0.06044304044917226,0.06004177763564079,0.021159261465072632,0.021018791615696624,0.14224137931034483
P2P_B025,W4_L1.00,0.5,0.9475274452517133,2.4370879816303153,0.045350444968789816,0.04297079126230583,0.022155895829200745,0.020993319372305672,0.07415254237288135
P2P_B025,W8_L1.00,0.1,0.5154471466379242,0.7177282376114702,0.010614220256684348,0.005471069545094403,0.005732230842113495,0.0029546620314373066,0.0
P2P_B025,W8_L1.00,0.3,0.21049951244578458,0.2342424075031904,0.013330833637155592,0.0028061339811171174,0.006301477551460266,0.0013264579522704425,0.034482758620689655
P2P_B025,W8_L1.00,0.5,0.12600669950797472,0.13336716335606336,0.04849499324336648,0.006110694041258144,0.033127136528491974,0.004174241138105341,0.09110169491525423
P2P_B025,W8_L1.00,0.7,0.08240275412809406,0.08530745013137597,0.0900010047480464,0.007416330665534693,0.042006053030490875,0.00346141445976322,0.14035087719298245
P2P_B025,W8_L1.00,0.9,0.05553758744304094,0.05679502317324236,0.22021212801337242,0.012230050315560795,0.13877716660499573,0.00770734902542241,0.3379424778761062
P2P_B026,W8_L1.00,0.1,0.4392167310278552,0.5740677123478549,0.005380992151913233,0.0023634217826498743,0.0013823732733726501,0.000607161470191011,0.0
P2P_B026,W8_L1.00,0.3,0.20406208792345892,0.22629163657998325,0.021720347460359335,0.004432299453183924,0.005608551204204559,0.0011444926689556123,0.06896551724137931
P2P_B026,W8_L1.00,0.5,0.09951873920725718,0.10410016204851186,0.05124911363236606,0.0051002471741825265,0.016341201961040497,0.0016262558162939088,0.10805084745762712
P2P_B026,W8_L1.00,0.7,0.08160842932134615,0.08448630823012894,0.11808220483362675,0.009636503267273748,0.060538701713085175,0.004940468359958369,0.18640350877192982
P2P_B026,W8_L1.00,0.9,0.07719707778463103,0.0796405597200372,0.2835346106439829,0.02188804339251862,0.1706460788846016,0.013173378625296871,0.4634955752212389
P2P_B027,W4_L1.00,0.3,0.9982549125786001,5.025813702264982,0.030561326071619987,0.030507993885911102,0.028628721833229065,0.02857876221086714,0.15517241379310345
P2P_B027,W4_L1.00,0.5,0.9294343358675407,2.234935244197894,0.0321337201166898,0.029866182815609016,0.014437466859817505,0.013418677422464111,0.12076271186440678
P2P_B027,W8_L1.00,0.1,0.5663886388762172,0.826247135589575,0.0031074818052729825,0.0017600423900211747,0.0012460649013519287,0.0007057570034281467,0.0
P2P_B027,W8_L1.00,0.3,0.22378221611679971,0.25091246779006576,0.015144188853355445,0.0033890001428952174,0.010525994002819061,0.002355530264782993,0.0625
P2P_B027,W8_L1.00,0.5,0.15019012590135927,0.16083533258805788,0.026793418859597296,0.004024106951850772,0.01613748073577881,0.002423690263437379,0.06991525423728813
P2P_B027,W8_L1.00,0.7,0.08946037803736495,0.09295627684934626,0.04394422878976911,0.0039312673200932015,0.0324428528547287,0.0029023498809946343,0.13669590643274854
P2P_B027,W8_L1.00,0.9,0.0694522708813956,0.07145228047115744,0.20189087186008692,0.014021779520907886,0.12805773317813873,0.008893900373145573,0.45851769911504425
P2P_B028,W4_L1.00,0.3,0.9970555199911032,4.6393971909817715,0.03446116438135505,0.03435969417175084,0.013176113367080688,0.01313731656467636,0.1206896551724138
P2P_B028,W4_L1.00,0.5,0.9539112398733163,2.5351728065584354,0.06873404514044523,0.0655661782214306,0.033383384346961975,0.031844785553577955,0.15677966101694915
P2P_B028,W8_L1.00,0.1,0.49674594808246997,0.6801616277703465,0.004952059534844011,0.0024599155085969237,0.0011170879006385803,0.0005549088882941676,0.0
P2P_B028,W8_L1.00,0.3,0.22389308758905924,0.2509759794969698,0.008862105120897468,0.001984164078056547,0.0037369802594184875,0.0008366840485405688,0.028017241379310345
P2P_B028,W8_L1.00,0.5,0.12976053956618927,0.13767678779093567,0.02841446571983397,0.0036870764032906444,0.015005253255367279,0.001947089758743776,0.0614406779661017
P2P_B028,W8_L1.00,0.7,0.11938100252348904,0.1255763260317333,0.10408029123209417,0.012425209510224109,0.044487178325653076,0.005310923947957697,0.18786549707602337
P2P_B028,W8_L1.00,0.9,0.10911068447552708,0.11415157108830577,0.2391901072114706,0.026098196317618262,0.09679324179887772,0.010561176865280745,0.4021017699115044
P2P_B029,W8_L1.00,0.1,0.5547253471035687,0.8007261066987638,0.003958596194934216,0.0021959336482777494,0.001453995704650879,0.0008065682719495568,0.0
P2P_B029,W8_L1.00,0.3,0.2480297734668795,0.2820846405903723,0.01461879993439652,0.0036258976360860015,0.004983760416507721,0.001236120967119611,0.0625
P2P_B029,W8_L1.00,0.5,0.1452204146544599,0.15508428119765894,0.026894711780187208,0.0039056611967309735,0.010885864496231079,0.0015808497560149404,0.06038135593220339
P2P_B029,W8_L1.00,0.7,0.09610374146092238,0.10011096979154359,0.05878289567772299,0.005649256208536262,0.019060298800468445,0.0018317660280881482,0.12719298245614036
P2P_B029,W8_L1.00,0.9,0.10940238558323256,0.11444940379437124,0.17021968960762024,0.018622440116311034,0.06985148787498474,0.007641919410061575,0.4021017699115044
P2P_B030,W4_L1.00,0.3,0.9974120841729268,4.756162160855357,0.019069985253736377,0.01902063373707618,0.01629503071308136,0.016252860545196333,0.12068965517241378
P2P_B030,W4_L1.00,0.5,0.9713053300549501,2.7567870523148095,0.04792867600917816,0.046553378470191566,0.02416573464870453,0.023472306868980296,0.1610169491525424
P2P_B030,W8_L1.00,0.1,0.5261566129595859,0.739181039692681,0.0007987537460394378,0.0004202695656048919,0.0005261600017547607,0.0002768425643980947,0.0
P2P_B030,W8_L1.00,0.3,0.22457420933664274,0.2518394768867578,0.003394100582227111,0.0007622274546626922,0.001350685954093933,0.00030332923020275396,0.01293103448275862
P2P_B030,W8_L1.00,0.5,0.16426637595201832,0.17699561382417417,0.01832436246331781,0.003010076613480416,0.009212642908096313,0.0015133274634530445,0.059322033898305086
P2P_B030,W8_L1.00,0.7,0.08132832301103698,0.08412337685070463,0.10435320856049657,0.008486871453046175,0.0716007724404335,0.005823170748875331,0.25146198830409355
P2P_B030,W8_L1.00,0.9,0.10537670137295252,0.10980327503253225,0.2575008850544691,0.027134593867655765,0.19309411197900772,0.02034762057488735,0.4413716814159292
P2P_B031,W8_L1.00,0.1,0.4797775201305823,0.6472694678411876,0.0033210926558240317,0.0015933855985351432,0.002662956714630127,0.001277626768760325,0.0
P2P_B031,W8_L1.00,0.3,0.20622695401660263,0.22861307216674792,0.006565920784851187,0.001354069843774161,0.0024151653051376343,0.0004980721843251129,0.032327586206896554
P2P_B031,W8_L1.00,0.5,0.16621102698206847,0.1793057673196028,0.022133497134291247,0.0036788312893952175,0.02022816240787506,0.0033621436477729847,0.07521186440677965
P2P_B031,W8_L1.00,0.7,0.11982719621928672,0.12597065275778357,0.057803357718512416,0.006926414287469809,0.02864406257867813,0.0034323377071327926,0.1608187134502924
P2P_B031,W8_L1.00,0.9,0.0740445766717136,0.07624148651111072,0.1455570124089718,0.01077770736542168,0.08415044099092484,0.006230883779911045,0.3639380530973451
P2P_B032,W4_L1.00,0.3,0.9903322519333021,3.807835432158997,0.027955573052167892,0.027685305614839364,0.03604353964328766,0.035695079782584314,0.06896551724137931
P2P_B032,W4_L1.00,0.5,0.8872869849532099,1.8615759332439132,0.03250507457414642,0.02884132961457362,0.04405875504016876,0.03909275992038338,0.06991525423728814
P2P_B032,W8_L1.00,0.1,0.4075110613894709,0.5193257828678596,0.003064805420407879,0.0012489421098226183,0.003435671329498291,0.0014000740700692233,0.0
P2P_B032,W8_L1.00,0.3,0.15604178531704116,0.1684684464074201,0.009318304666379618,0.0014540448962699912,0.010889321565628052,0.0016991891779919589,0.023706896551724137
P2P_B032,W8_L1.00,0.5,0.07708570263901338,0.07966972082171718,0.031364310050321365,0.0024177398780168913,0.03850114345550537,0.002967887695673083,0.05190677966101695
P2P_B032,W8_L1.00,0.7,0.06286993704616317,0.0644521024361786,0.050816843868233263,0.003194851774880528,0.05019751191139221,0.003155914413743254,0.07894736842105263
P2P_B032,W8_L1.00,0.9,0.05755258581517164,0.0588149366366613,0.15915070939809084,0.009159534860179067,0.18893932551145554,0.010873946745358694,0.24944690265486724
P2P_B033,W4_L1.00,0.3,0.853575123069348,1.6561431965292537,0.015086232428927815,0.012877232702174848,0.13716840744018555,0.11708354026198285,0.07327586206896552
P2P_B033,W4_L1.00,0.5,0.766663461854253,1.2722727353708665,0.02464083186350763,0.018891225459445344,0.10714365541934967,0.08214312577951782,0.057203389830508475
P2P_B033,W8_L1.00,0.1,0.2649869252823869,0.30547446635385034,0.001269830595838073,0.0003364885052206322,0.0029134973883628845,0.000772038714760545,0.0
P2P_B033,W8_L1.00,0.3,0.08076744845132311,0.08369131357730102,0.00570351469588104,0.0004606583291909357,0.03360253572463989,0.0027139910719735957,0.032327586206896554
P2P_B033,W8_L1.00,0.5,0.08027663795759465,0.08296464304305715,0.001181200584717601,9.482281169467397e-05,0.0033538341522216797,0.0002692345300077162,0.00847457627118644
P2P_B033,W8_L1.00,0.7,0.054839584371312866,0.0560223160062083,0.011785624137544914,0.0006463187292594757,0.05201376974582672,0.0028524135144463053,0.05263157894736842
P2P_B033,W8_L1.00,0.9,0.05687229732865451,0.058007402794296316,0.08589167578611523,0.004884856923364341,0.28519556671380997,0.016219727066961922,0.1875
P2P_B034,W4_L1.00,0.3,0.9863320937881297,3.653567590947045,0.013570098439231515,0.013384623606478251,0.007834389805793762,0.00772731010070094,0.07758620689655173
P2P_B034,W4_L1.00,0.5,0.8705904806281499,1.7859816570299802,0.03000457677990198,0.026121698919859094,0.016919121146202087,0.01472962581047797,0.08898305084745763
P2P_B034,W8_L1.00,0.1,0.41848900836705405,0.5378738787793103,0.002261851746666821,0.000946560094535887,0.001586824655532837,0.000664068676546329,0.0
P2P_B034,W8_L1.00,0.3,0.19635635937918672,0.2165388513449528,0.0063222919416148216,0.0012414222285878562,0.003229893743991852,0.000634210176751851,0.04741379310344827
P2P_B034,W8_L1.00,0.5,0.09496648786360273,0.09907099909594172,0.011530593736097217,0.0010950199900992101,0.008248083293437958,0.0007832915019842602,0.03389830508474576
P2P_B034,W8_L1.00,0.7,0.10948934128314303,0.11475513433397698,0.03356551249055428,0.003675065852421898,0.03253840655088425,0.003562608699659422,0.1023391812865497
P2P_B034,W8_L1.00,0.9,0.104435018077906,0.10895786816365666,0.23665696941316128,0.02471527487892595,0.1873309090733528,0.019563906875626168,0.46736725663716816
P2P_B035,W4_L1.00,0.3,0.9846847335791634,3.407359666195421,0.0029086998784464413,0.002864152364869779,0.014463916420936584,0.014242397687461227,0.030172413793103446
P2P_B035,W4_L1.00,0.5,0.8641101212008941,1.7082795092937726,0.02616128884619684,0.02260623447565875,0.09647686779499054,0.08336663792341191,0.059322033898305086
P2P_B035,W8_L1.00,0.1,0.34331593362660795,0.4170148682604929,0.001643055352360534,0.000564087082295852,0.00516539067029953,0.0017733609205200535,0.0
P2P_B035,W8_L1.00,0.3,0.14846839805337297,0.15959568691866016,0.0034050473670070858,0.0005055419278753976,0.009577333927154541,0.001421931425786854,0.015086206896551723
P2P_B035,W8_L1.00,0.5,0.07454614608200705,0.07698658612754483,0.01628950805852014,0.0012143200473344734,0.05290763080120087,0.003944059974559215,0.0402542372881356
P2P_B035,W8_L1.00,0.7,0.04468018175977051,0.045444043256979566,0.034553546408830016,0.0015438587339911907,0.09049586951732635,0.0040433718985426175,0.0804093567251462
P2P_B035,W8_L1.00,0.9,0.02962536441140584,0.02992321850034363,0.08440782757049448,0.0025006126509510077,0.1957990527153015,0.00580061828809887,0.18584070796460175
P2P_B036,W4_L1.00,0.3,0.9946996243302428,4.327556298316878,0.038711745757609606,0.03850655896226215,0.025578662753105164,0.02544308623138368,0.15948275862068967
P2P_B036,W4_L1.00,0.5,0.9270195384665056,2.2176463065812033,0.040967211592942476,0.037977405583149215,0.025146275758743286,0.02331108894802168,0.11864406779661017
P2P_B036,W8_L1.00,0.1,0.4814403642882785,0.6511318423611018,0.0024397563429374713,0.0011745971825184544,0.0013421624898910522,0.0006461711980672111,0.0
P2P_B036,W8_L1.00,0.3,0.1939618502787791,0.21380139535750695,0.004089680500328541,0.0007932419968927669,0.0016377195715904236,0.000317655118343448,0.01939655172413793
P2P_B036,W8_L1.00,0.5,0.12766173474349984,0.13527466575229485,0.021923847309153643,0.0027988363797381653,0.01719202846288681,0.0021947641773317553,0.07309322033898305
P2P_B036,W8_L1.00,0.7,0.09606854149662081,0.10005443820070573,0.03648908936884254,0.003505453596204555,0.02108675241470337,0.0020257735493808995,0.10526315789473684
P2P_B036,W8_L1.00,0.9,0.09254761102674702,0.09610332088352884,0.23553535714745522,0.021798234616328623,0.10234438627958298,0.00947172845217399,0.485066371681416
P2P_B037,W8_L1.00,0.1,0.47419869715747454,0.6375901347185341,0.006215724482899532,0.002947488451680775,0.007086694240570068,0.003360501176031705,0.0
P2P_B037,W8_L1.00,0.3,0.2012704652595695,0.2228508047371419,0.010695808159653097,0.0021527502846204784,0.015654034912586212,0.003150694890045771,0.030172413793103446
P2P_B037,W8_L1.00,0.5,0.11057765556027621,0.11626917605749107,0.04236628126818687,0.00468476405744335,0.020236626267433167,0.0022377186891022628,0.09004237288135593
P2P_B037,W8_L1.00,0.7,0.09720812335920681,0.10135750826503193,0.099801832344383,0.009701548830007659,0.07149769365787506,0.006950156624993497,0.16666666666666666
P2P_B037,W8_L1.00,0.9,0.08454989366692789,0.0875223127894106,0.21893383096903563,0.018510832128525126,0.11400967091321945,0.009639505552714147,0.31803097345132747
P2P_B038,W8_L1.00,0.1,0.5124929731152983,0.7116488399919831,0.0019098895481874933,0.0009788049728724423,0.0012180358171463013,0.0006242347972902298,0.0
P2P_B038,W8_L1.00,0.3,0.21949218163492912,0.24542398425371637,0.008560552469134564,0.0018789743374506246,0.0046561360359191895,0.0010219854565129136,0.03663793103448276
P2P_B038,W8_L1.00,0.5,0.13534767091637967,0.14383188899168045,0.02226700444589369,0.003013787190036382,0.012504823505878448,0.0016924987367410453,0.1038135593220339
P2P_B038,W8_L1.00,0.7,0.08969433290214424,0.09313557292799542,0.06368594360537827,0.005712268226927983,0.03532025218009949,0.003168026457229529,0.1644736842105263
P2P_B038,W8_L1.00,0.9,0.08293084651727378,0.0857844595541084,0.22211049729958177,0.01841981156142697,0.1162225678563118,0.009638435936735232,0.44966814159292035
P2P_B039,W4_L1.00,0.3,0.9939741471865734,4.227291640011081,0.032709508668631315,0.032512405983794644,0.019516289234161377,0.019398686947772057,0.10775862068965518
P2P_B039,W4_L1.00,0.5,0.9607606940168154,2.5979222094697505,0.07497039530426264,0.07202860902323838,0.038463473320007324,0.0369541933212275,0.1822033898305085
P2P_B039,W8_L1.00,0.1,0.5011488250863942,0.6891533049260481,0.0061268565186765045,0.0030704669458076457,0.0018721967935562134,0.0009382492234212109,0.0
P2P_B039,W8_L1.00,0.3,0.21141886560036294,0.23539215991713833,0.007217486519948579,0.00152591281253344,0.0035026073455810547,0.000740517271646245,0.023706896551724137
P2P_B039,W8_L1.00,0.5,0.1339200838069955,0.14240565786636358,0.022128735843580216,0.0029634821587151278,0.011572293937206268,0.0015497625739098492,0.05614406779661017
P2P_B039,W8_L1.00,0.7,0.09432014020569202,0.09819864385224128,0.059727832209318876,0.005633537508165004,0.03719867020845413,0.0035085837895266923,0.13157894736842105
P2P_B039,W8_L1.00,0.9,0.08193705391696282,0.08473105632975164,0.2451400738209486,0.02008605544587531,0.1743747666478157,0.014287754656579886,0.44081858407079644
P2P_B040,W8_L1.00,0.1,0.5267083989259866,0.7401707672550811,0.0040566358948126435,0.0021366641971824548,0.0022488608956336975,0.0011844939217464851,0.0
P2P_B040,W8_L1.00,0.3,0.21429024192146728,0.2387031431503033,0.022834690229501575,0.004893251293481658,0.009853951632976532,0.0021116056793129786,0.0625
P2P_B040,W8_L1.00,0.5,0.1258056459713367,0.13324075788976306,0.05445377598516643,0.0068505924633923245,0.021243125200271606,0.0026725050882701507,0.11016949152542373
P2P_B040,W8_L1.00,0.7,0.1066645875868295,0.11167212648253655,0.10737057495862246,0.011452638096922228,0.04123516380786896,0.0043983317416417,0.18932748538011696
P2P_B040,W8_L1.00,0.9,0.0647811943720269,0.06649736705821918,0.21918432414531708,0.014199022305759134,0.09698210656642914,0.006282616696088472,0.35785398230088494
P2P_B041,W8_L1.00,0.1,0.49597178223362703,0.6782429151035345,0.0031425766937900335,0.001558629363624902,0.0037236735224723816,0.0018468369933967949,0.0
P2P_B041,W8_L1.00,0.3,0.18824062591771384,0.20685172675737223,0.008748026331886649,0.001646733952258985,0.003500327467918396,0.0006589038334779253,0.03017241379310345
P2P_B041,W8_L1.00,0.5,0.11544530898015448,0.12146832858449995,0.02981023583561182,0.00344145188681348,0.007136091589927673,0.0008238282985098822,0.05614406779661017
P2P_B041,W8_L1.00,0.7,0.09036027633657384,0.09378871052030925,0.054774744203314185,0.004949461022476616,0.0590217262506485,0.005333219493870212,0.10087719298245613
P2P_B041,W8_L1.00,0.9,0.08470861270138308,0.08749741657472059,0.27712568175047636,0.023474932045007845,0.21484945714473724,0.01819959945437595,0.4574115044247788
P2P_B042,W4_L1.00,0.3,0.9996201157267525,5.788930594871231,0.034384294878691435,0.034371232825820316,0.012339651584625244,0.01233496394505089,0.1336206896551724
P2P_B042,W4_L1.00,0.5,0.9786760141350549,2.986573591411714,0.05646612064447254,0.05526203788600152,0.01734127104282379,0.016971486024226434,0.1716101694915254
P2P_B042,W8_L1.00,0.1,0.49706865641536324,0.681210871575236,0.0034715184738161042,0.0017255830235008832,0.002276115119457245,0.0011313854842753066,0.0
P2P_B042,W8_L1.00,0.3,0.263043490672196,0.30168602505708897,0.013009890855755657,0.0034221671039622514,0.005128480494022369,0.0013490134109919124,0.05818965517241379
P2P_B042,W8_L1.00,0.5,0.15840778421103208,0.17041041471205018,0.03246260224841535,0.005142328891895543,0.010866254568099976,0.0017212993088057224,0.1048728813559322
P2P_B042,W8_L1.00,0.7,0.12745873118530138,0.1345254912779711,0.11062111798673868,0.014099627340889234,0.04378725588321686,0.0055810680769609435,0.2711988304093567
P2P_B042,W8_L1.00,0.9,0.10417308408220383,0.10875356288465737,0.2867781799286604,0.029874567450649717,0.11881143599748611,0.0123769537120935,0.564712389380531
P2P_B043,W8_L1.00,0.1,0.5347380860555702,0.7571574192182371,0.001956650847887431,0.0010462957294783335,0.001759849488735199,0.0009410585473521339,0.0
P2P_B043,W8_L1.00,0.3,0.23113473337252155,0.2602434243599858,0.0029405719324131496,0.0006796683095610338,0.002609461545944214,0.0006031371986676638,0.021551724137931036
P2P_B043,W8_L1.00,0.5,0.12758644830539023,0.13524581949130676,0.018595808040117845,0.0023725731012074554,0.02793659269809723,0.003564330640104524,0.0815677966101695
P2P_B043,W8_L1.00,0.7,0.12203771876016223,0.1284186047641241,0.030771137418014405,0.0037552394141499466,0.03715803474187851,0.004534681793509707,0.1111111111111111
P2P_B043,W8_L1.00,0.9,0.07114310053702011,0.0732138060615678,0.0776296885451302,0.0055228167368237555,0.08375701308250427,0.00595873360240911,0.2472345132743363
P2P_B044,W8_L1.00,0.1,0.4937239306047225,0.6743384070149703,0.003283740774350008,0.0016212614021990813,0.000976569950580597,0.0004821559545111119,0.0
P2P_B044,W8_L1.00,0.3,0.19319345750718397,0.21298192641824634,0.008581526722991839,0.0016578948183050876,0.0014346763491630554,0.0002771700842985946,0.032327586206896554
P2P_B044,W8_L1.00,0.5,0.1192030341356698,0.1258002523923598,0.032357920659705997,0.0038571623209582287,0.006659515202045441,0.0007938344179564346,0.08792372881355932
P2P_B044,W8_L1.00,0.7,0.09266611354888066,0.09642203209209936,0.06271467637270689,0.005811525321934559,0.014692097902297974,0.0013614596124856154,0.1600877192982456
P2P_B044,W8_L1.00,0.9,0.09784573147866127,0.1018914645770387,0.19934705831110477,0.019505258738569387,0.06978456676006317,0.0068281219805598516,0.4209070796460177
P2P_B045,W8_L1.00,0.1,0.529924411193889,0.7472278905235188,0.006374822522047907,0.0033781740714617795,0.0037983059883117676,0.002012815064390336,0.0
P2P_B045,W8_L1.00,0.3,0.2296305308982266,0.25793602743229005,0.011122257739771158,0.002554009949570561,0.003381967544555664,0.000776603002736889,0.036637931034482756
P2P_B045,W8_L1.00,0.5,0.13859222371706104,0.14773336481141178,0.02125895261997357,0.0029463255174977778,0.013195216655731201,0.0018287544187461887,0.04449152542372881
P2P_B045,W8_L1.00,0.7,0.12118978573672057,0.12760563466257177,0.11048422195017338,0.013389559185429792,0.06481440365314484,0.007854843691377941,0.2134502923976608
P2P_B045,W8_L1.00,0.9,0.10910309087244319,0.11401073728757401,0.23029532097280025,0.0251259313315939,0.12119113653898239,0.013222327582747266,0.39878318584070793
P2P_B046,W4_L1.00,0.3,0.9934308974173612,4.186424057952595,0.02314091892912984,0.022988903858827858,0.005441680550575256,0.005405933592816577,0.09482758620689655
P2P_B046,W4_L1.00,0.5,0.9693636794093915,2.755242054059334,0.04978584684431553,0.04826059167951814,0.02143062651157379,0.02077407096730762,0.1673728813559322
P2P_B046,W8_L1.00,0.1,0.5609316392174153,0.8144278177167318,0.005810124770505354,0.003259082811577277,0.001308739185333252,0.0007341132165370457,0.0
P2P_B046,W8_L1.00,0.3,0.25731999528779137,0.294070832498736,0.012901838403195143,0.00331990099711402,0.0034972429275512695,0.0008999105336377544,0.06465517241379311
P2P_B046,W8_L1.00,0.5,0.1375785798466891,0.14656901517138488,0.023004661430604756,0.003164948649476505,0.007048092782497406,0.0009696665956436925,0.06567796610169492
P2P_B046,W8_L1.00,0.7,0.11091125826332937,0.11626838729574747,0.05470587871968746,0.006067497843201631,0.009489595890045166,0.0010525030205754283,0.1388888888888889
P2P_B046,W8_L1.00,0.9,0.10339725448703241,0.10793172362115584,0.22795301117002964,0.023569715507032896,0.05249335616827011,0.005427668906609057,0.42754424778761063
P2P_B047,W8_L1.00,0.1,0.5176975948393044,0.7221408928283045,0.0012504251853897586,0.0006473421110027693,0.0015861466526985168,0.0008211443071644357,0.0
P2P_B047,W8_L1.00,0.3,0.20772468384361098,0.2307952792860087,0.0040186793207794835,0.0008347788913777755,0.004915282130241394,0.0010210254265065443,0.03879310344827586
P2P_B047,W8_L1.00,0.5,0.11172444043676755,0.11756190706096234,0.012917758896946907,0.0014432293844584688,0.012082770466804504,0.0013499407693296338,0.06567796610169492
P2P_B047,W8_L1.00,0.7,0.09584676329321873,0.099796390393141,0.04175765719264746,0.004002336284623053,0.043550871312618256,0.004174210053913952,0.11695906432748537
P2P_B047,W8_L1.00,0.9,0.1008392118917778,0.10479810446671875,0.1120515912771225,0.011299194155604637,0.10655629634857178,0.0107450529458967,0.27488938053097345
