block_id,anchor_target_rho,lpips_alex,prediction_S0,prediction_S1,abs_error_S0,abs_error_S1,propagation_contribution,rank_y,rank_c
P3S_B000,0.3,0.008972893469035625,0.013448737254738205,0.005851653727678799,0.00447584378570258,0.0031212397413568262,-0.007597083527059406,181.0,40.0
P3S_B000,0.3,0.018415596336126328,0.01328513296580746,0.010873441229154492,0.005130463370318868,0.007542155106971836,-0.0024116917366529683,257.0,134.0
P3S_B000,0.3,0.021108007058501244,0.013032032497799991,0.01691601069670779,0.008075974560701252,0.004191996361793453,0.0038839781989077997,270.0,236.0
P3S_B000,0.3,0.03582464158535004,0.017572891177956587,0.02462000463795592,0.01825175040739345,0.011204636947394115,0.0070471134599993344,311.0,273.0
P3S_B000,0.3,0.012599635869264603,0.013055220904239974,0.005222065173381229,0.00045558503497537123,0.0073775706958833735,-0.007833155730858745,217.0,35.0
P3S_B000,0.3,0.02628827653825283,0.017931563391551997,0.01444387365687353,0.008356713146700834,0.0118444028813793,-0.003487689734678466,296.0,110.0
P3S_B000,0.3,0.01408897340297699,0.01155392616022189,0.009313466912340342,0.0025350472427550994,0.004775506490636648,-0.002240459247881549,232.0,138.0
P3S_B000,0.3,0.02440585568547249,0.015628112509565147,0.01688330599490507,0.008777743175907342,0.007522549690567419,0.0012551934853399227,288.0,198.0
P3S_B000,0.5,0.032265130430459976,0.02323315433001686,0.01196708699628062,0.009031976100443116,0.020298043434179354,-0.01126606733373624,190.0,115.0
P3S_B000,0.5,0.03187711909413338,0.037024324900543165,0.018282486988960678,0.005147205806409788,0.0135946321051727,-0.018741837911582487,188.0,47.0
P3S_B000,0.5,0.0569939911365509,0.03595228892471451,0.034700493315468164,0.02104170221183639,0.02229349782108274,-0.0012517956092463478,274.0,174.0
P3S_B000,0.5,0.06466344743967056,0.04264434197390439,0.053242322887987886,0.022019105465766173,0.011421124551682676,0.010597980914083496,292.0,235.0
P3S_B000,0.5,0.08374357968568802,0.034485600753803185,0.0717916348409417,0.049257978931884834,0.01195194484474632,0.037306034087138513,311.0,303.0
P3S_B000,0.5,0.06053297594189644,0.03665940090526833,0.04541509712556718,0.02387357503662811,0.015117878816329255,0.008755696220298856,283.0,228.0
P3S_B000,0.5,0.07434502243995667,0.03462791712380907,0.04166350099363071,0.0397171053161476,0.03268152144632595,0.007035583869821643,300.0,219.0
P3S_B000,0.5,0.04319722205400467,0.0308044350518143,0.024221789846896734,0.012392787002190368,0.018975432207107935,-0.006582645204917567,237.0,143.0
P3S_B001,0.3,0.021213307976722717,0.011194195498169007,0.012963933419015404,0.01001911247855371,0.008249374557707313,0.0017697379208463978,271.0,203.0
P3S_B001,0.3,0.0026322733610868454,0.010420549757590703,0.00323869484069899,0.007788276396503858,0.0006064214796121445,-0.007181854916891713,77.0,48.0
P3S_B001,0.3,0.01190139353275299,0.019721381210811562,0.017026742378780824,0.007819987678058572,0.005125348846027833,-0.0026946388320307386,212.0,128.0
P3S_B001,0.3,0.021469146013259888,0.011926103857880989,0.01648837954402409,0.009543042155378899,0.004980766469235797,0.004562275686143102,273.0,243.0
P3S_B001,0.3,0.004071389324963093,0.012500871131237542,0.00561439609135294,0.008429481806274449,0.001543006766389847,-0.006886475039884602,111.0,54.0
P3S_B001,0.3,0.03978956863284111,0.011293916327531319,0.03399157577670581,0.02849565230530979,0.005797992856135303,0.022697659449174488,316.0,318.0
P3S_B001,0.3,0.014315053820610046,0.012424291010306768,0.016233822755018223,0.0018907628103032783,0.001918768934408177,0.0038095317447114554,234.0,235.0
P3S_B001,0.3,0.03933416306972504,0.01495131682910161,0.04709511082102183,0.024382846240623427,0.007760947751296793,0.032143793991920216,314.0,320.0
P3S_B001,0.5,0.011870874091982841,0.02622579709209251,0.011476909661710295,0.014354923000109668,0.0003939644302725469,-0.014748887430382215,85.0,82.0
P3S_B001,0.5,0.08084288239479065,0.04133135223735535,0.06365972061935254,0.0395115301574353,0.017183161775438105,0.022328368381997192,307.0,280.0
P3S_B001,0.5,0.05054372921586037,0.03547426068730068,0.04193447361683671,0.015069468528559685,0.00860925559902366,0.0064602129295360244,258.0,216.0
P3S_B001,0.5,0.06756681203842163,0.03521963500530691,0.04418640019738237,0.032347177033114724,0.023380411841039263,0.008966765192075461,293.0,230.0
P3S_B001,0.5,0.04627680778503418,0.036020272900268165,0.03254411785134078,0.010256534884766015,0.0137326899336934,-0.0034761550489273846,248.0,163.0
P3S_B001,0.5,0.07075152546167374,0.031606830544935335,0.05392722958841636,0.0391446949167384,0.01682429587325738,0.022320399043481022,296.0,278.0
P3S_B001,0.5,0.031957484781742096,0.03707638100411688,0.021034648898465187,0.005118896222374783,0.010922835883276909,-0.016041732105651692,189.0,74.0
P3S_B001,0.5,0.08636191487312317,0.03858697012955084,0.053274676381078585,0.04777494474357233,0.033087238492044584,0.014687706251527745,312.0,255.0
P3S_B002,0.3,0.0149899423122406,0.01992223133251896,0.007916011125862654,0.004932289020278358,0.007073931186377946,-0.012006220206656305,238.0,9.0
P3S_B002,0.3,0.0029977012891322374,0.007208392431918195,0.0021589155593098076,0.0042106911427859574,0.0008387857298224298,-0.005049476872608387,88.0,82.0
P3S_B002,0.3,0.00014843189273960888,0.014275426615054723,0.004831152361359833,0.014126994722315114,0.004682720468620224,-0.00944427425369489,18.0,23.0
P3S_B002,0.3,0.00661880150437355,0.01261117673920879,0.005231034278169932,0.005992375234835239,0.0013877672262036182,-0.007380142461038857,154.0,46.0
P3S_B002,0.3,0.023903725668787956,0.022369391424398873,0.017110649044008486,0.0015343342443890837,0.00679307662477947,-0.005258742380390386,286.0,78.0
P3S_B002,0.3,0.011418796144425869,0.01644008561482133,0.006611927573057442,0.00502128947039546,0.004806868571368427,-0.009828158041763888,202.0,19.0
P3S_B002,0.3,0.006754761096090078,0.0069238386835293805,0.003046852799449499,0.00016907758743930218,0.0037079082966405795,-0.0038769858840798817,158.0,101.0
P3S_B002,0.3,0.019129905849695206,0.008554447197185858,0.025525086025196764,0.010575458652509348,0.006395180175501558,0.016970638828010906,260.0,312.0
P3S_B002,0.5,0.024342967197299004,0.029479978965252784,0.03281717657769318,0.005137011767953781,0.008474209380394178,0.003337197612440397,145.0,198.0
P3S_B002,0.5,0.048103220760822296,0.028311049816747112,0.045716141256523055,0.019792170944075184,0.0023870795042992415,0.017405091439775942,250.0,267.0
P3S_B002,0.5,0.0022713306825608015,0.02472910446348411,0.005344157614097806,0.02245777378092331,0.0030728269315370045,-0.019384946849386304,27.0,43.0
P3S_B002,0.5,0.014713123440742493,0.03940283290433867,0.01399319904537594,0.02468970946359618,0.0007199243953665523,-0.02540963385896273,101.0,7.0
P3S_B002,0.5,0.010983562096953392,0.03317726701438109,0.020212845534693616,0.022193704917427698,0.009229283437740224,-0.012964421479687474,80.0,96.0
P3S_B002,0.5,0.03515950217843056,0.04370184861603271,0.03287713494687862,0.008542346437602155,0.0022823672315519378,-0.010824713669154093,204.0,118.0
P3S_B002,0.5,0.03669852018356323,0.02788718239335861,0.046482215918184314,0.008811337790204623,0.009783695734621081,0.018595033524825704,213.0,270.0
P3S_B002,0.5,0.022570669651031494,0.02765167279659897,0.016460217621255078,0.005081003145567475,0.006110452029776416,-0.011191455175343892,135.0,116.0
P3S_B003,0.3,0.005393613129854202,0.00678055776531784,0.004574424705053828,0.0013869446354636376,0.0008191884248003739,-0.0022061330602640115,142.0,140.0
P3S_B003,0.3,0.01233766507357359,0.009752461369795332,0.008676761958636755,0.0025852037037782574,0.0036609031149368344,-0.001075699411158577,214.0,161.0
P3S_B003,0.3,0.000860656495206058,0.007039326258989514,0.0020104712257830726,0.006178669763783456,0.0011498147305770146,-0.0050288550332064415,35.0,83.0
P3S_B003,0.3,0.029536835849285126,0.014109087865899213,0.02149731809346543,0.015427747983385913,0.008039517755819695,0.0073882302275662184,304.0,275.0
P3S_B003,0.3,0.00167185312602669,0.006041784789058558,0.0017273401323625315,0.004369931663031868,5.548700633584147e-05,-0.004314444656696026,53.0,96.0
P3S_B003,0.3,0.009267977438867092,0.010932171435196578,0.019054888954359188,0.0016641939963294855,0.009786911515492096,0.00812271751916261,185.0,282.0
P3S_B003,0.3,0.008862213231623173,0.012246393503105293,0.0066165821648229775,0.0033841802714821203,0.0022456310668001953,-0.0056298113382823155,180.0,73.0
P3S_B003,0.3,0.0006330488831736147,0.007071187278715191,0.0037752260430916687,0.006438138395541576,0.003142177159918054,-0.0032959612356235225,29.0,113.0
P3S_B003,0.5,0.010913903824985027,0.03703678277014252,0.01505043087313112,0.026122878945157496,0.004136527048146092,-0.021986351897011404,78.0,26.0
P3S_B003,0.5,0.03445792198181152,0.02457226233666914,0.04585237452143498,0.009885659645142382,0.011394452539623456,0.02128011218476584,201.0,276.0
P3S_B003,0.5,0.03441819176077843,0.03465028361781956,0.04759558048768421,0.00023209185704113622,0.013177388726905784,0.012945296869864648,200.0,246.0
P3S_B003,0.5,6.631831638514996e-05,0.022681044057786447,0.008180648779724364,0.022614725741401297,0.008114330463339214,-0.014500395278062083,10.0,83.0
P3S_B003,0.5,0.0422714464366436,0.035104296914316206,0.059375875476399456,0.007167149522327394,0.017104429039755856,0.02427157856208325,235.0,287.0
P3S_B003,0.5,0.0038004070520401,0.02614783586011673,0.008983669570586092,0.02234742880807663,0.005183262518545992,-0.017164166289530637,39.0,65.0
P3S_B003,0.5,0.024939822033047676,0.03819693942771546,0.03659364769661525,0.013257117394667783,0.011653825663567575,-0.001603291731100208,148.0,170.0
P3S_B003,0.5,0.026426449418067932,0.04170542911787174,0.023457378032449214,0.01527897969980381,0.0029690713856187177,-0.018248051085422528,158.0,53.0
P3S_B004,0.3,0.004484989680349827,0.006930413099843987,0.002141867293721681,0.0024454234194941603,0.0023431223866281457,-0.004788545806122306,121.0,87.0
P3S_B004,0.3,0.017558973282575607,0.0037842047162893466,0.008795937211307843,0.01377476856628626,0.008763036071267764,0.005011732495018496,252.0,247.0
P3S_B004,0.3,0.0015955636044964194,0.008784448380298819,0.002953824065492029,0.007188884775802399,0.0013582604609956098,-0.0058306243148067895,50.0,68.0
P3S_B004,0.3,0.01044988352805376,0.014110656828764147,0.012944128681691647,0.0036607733007103863,0.0024942451536378862,-0.0011665281470725,195.0,157.0
P3S_B004,0.3,0.03261074423789978,0.012240216171218692,0.019208450845381014,0.02037052806668109,0.013402293392518767,0.006968234674162322,307.0,272.0
P3S_B004,0.3,0.003833034774288535,0.009020855746162147,0.0029516831244030886,0.005187820971873612,0.0008813516498854465,-0.006069172621759059,104.0,64.0
P3S_B004,0.3,0.0023598093539476395,0.005219752481678943,0.0016908763713232161,0.002859943127731303,0.0006689329826244234,-0.0035288761103557265,72.0,109.0
P3S_B004,0.3,0.00559613760560751,0.010147625668863871,0.003587680535505216,0.004551488063256361,0.0020084570701022937,-0.006559945133358655,147.0,57.0
P3S_B004,0.5,0.07084890455007553,0.03593917707773231,0.048257661017625714,0.03490972747234322,0.022591243532449817,0.012318483939893404,297.0,243.0
P3S_B004,0.5,0.01318902987986803,0.02623326667691286,0.00806281694416593,0.01304423679704483,0.005126212935702101,-0.01817044973274693,93.0,55.0
P3S_B004,0.5,0.017013195902109146,0.028805132632867488,0.009669753737567847,0.011791936730758342,0.007343442164541299,-0.01913537889529964,119.0,45.0
P3S_B004,0.5,0.025618206709623337,0.03204491015931451,0.016992544703534545,0.006426703449691172,0.008625662006088792,-0.015052365455779964,154.0,80.0
P3S_B004,0.5,0.01951388642191887,0.025228728263125385,0.00832010763576705,0.005714841841206516,0.011193778786151819,-0.016908620627358335,125.0,69.0
P3S_B004,0.5,0.03233207017183304,0.03145727791318232,0.016696316765531148,0.0008747922586507181,0.01563575340630189,-0.014760961147651172,192.0,81.0
P3S_B004,0.5,0.04327501356601715,0.036678483273113016,0.03400576022034224,0.006596530292904135,0.00926925334567491,-0.0026727230527707757,238.0,167.0
P3S_B004,0.5,0.052112311124801636,0.034313917432198845,0.037007717723284886,0.01779839369260279,0.01510459340151675,0.0026938002910860404,263.0,193.0
P3S_B005,0.3,0.013911282643675804,0.003299894399451501,0.016023735039083983,0.010611388244224303,0.002112452395408179,0.012723840639632483,230.0,304.0
P3S_B005,0.3,0.021952999755740166,0.007863883415835016,0.020533964469404843,0.01408911633990515,0.0014190352863353226,0.012670081053569827,278.0,303.0
P3S_B005,0.3,0.0029257643036544323,0.00845449373738728,0.004682505705202216,0.005528729433732848,0.0017567414015477838,-0.003771988032185064,86.0,105.0
P3S_B005,0.3,0.005538572557270527,0.009654061635160353,0.007642140215735872,0.0041154890778898265,0.0021035676584653454,-0.002011921419424481,145.0,141.0
P3S_B005,0.3,0.004762481898069382,0.005922631518597059,0.00574618887026206,0.001160149620527677,0.000983706972192678,-0.00017644264833499915,124.0,173.0
P3S_B005,0.3,0.0077023981139063835,0.023239816950645267,0.013379814653511835,0.015537418836738884,0.005677416539605452,-0.009860002297133432,170.0,17.0
P3S_B005,0.3,0.0020362953655421734,0.014260996424250908,0.006874456167966121,0.012224701058708735,0.004838160802423948,-0.007386540256284787,62.0,45.0
P3S_B005,0.3,0.005307970102876425,0.004153979477221587,0.006295536091504678,0.0011539906256548375,0.0009875659886282532,0.0021415566142830907,141.0,214.0
P3S_B005,0.5,0.040617816150188446,0.04534047430333657,0.049330152755276205,0.004722658153148124,0.008712336605087759,0.003989678451939635,228.0,203.0
P3S_B005,0.5,0.008107006549835205,0.037132340225712476,0.012695435173488107,0.02902533367587727,0.004588428623652902,-0.02443690505222437,63.0,11.0
P3S_B005,0.5,0.020345930010080338,0.03079093080198267,0.022608776244004914,0.010445000791902331,0.0022628462339245765,-0.008182154557977755,126.0,137.0
P3S_B005,0.5,0.03133644163608551,0.02933663525734565,0.018435271802027246,0.0019998063787398587,0.012901169834058264,-0.010901363455318405,185.0,117.0
P3S_B005,0.5,0.031207596883177757,0.034410759282852824,0.02547277782025732,0.0032031623996750663,0.005734819062920438,-0.008937981462595505,184.0,131.0
P3S_B005,0.5,0.011349683627486229,0.02583220016778922,0.013833862676321935,0.01448251654030299,0.002484179048835706,-0.011998337491467285,82.0,107.0
P3S_B005,0.5,0.008968534879386425,0.0324812942234925,0.013228837138800584,0.023512759344106078,0.004260302259414159,-0.01925245708469192,69.0,44.0
P3S_B005,0.5,0.027518484741449356,0.03216274866642426,0.033562444611169716,0.004644263924974905,0.00604395986972036,0.0013996959447454549,165.0,189.0
P3S_B006,0.3,0.0009035547263920307,0.005757362635605097,0.0015901366462128738,0.004853807909213066,0.0006865819198208431,-0.004167225989392223,37.0,97.0
P3S_B006,0.3,1.2694945326074958e-05,-0.0013911860500335736,0.004594798092782022,0.0014038809953596486,0.004582103147455947,0.005985984142815596,12.0,258.0
P3S_B006,0.3,0.0003059495647903532,0.007873806888100738,0.002492841859036754,0.007567857323310384,0.002186892294246401,-0.0053809650290639836,21.0,76.0
P3S_B006,0.3,0.0009263266110792756,-0.0017333638702853836,0.001278750860784092,0.002659690481364659,0.00035242424970481634,0.0030121147310694756,38.0,223.0
P3S_B006,0.3,0.0028446591459214687,0.0041986729347100425,0.008296551215139187,0.0013540137887885738,0.005451892069217718,0.004097878280429144,82.0,237.0
P3S_B006,0.3,0.015312428586184978,0.019140570207786603,0.014464806371350508,0.0038281416216016245,0.0008476222148344707,-0.004675763836436095,241.0,90.0
P3S_B006,0.3,0.003505512373521924,0.011735024509668455,0.005533526904413643,0.008229512136146531,0.0020280145308917193,-0.006201497605254812,96.0,63.0
P3S_B006,0.3,0.000714397756382823,0.003653554548153023,0.007863871325651178,0.0029391567917702,0.007149473569268355,0.004210316777498155,31.0,239.0
P3S_B006,0.5,0.011942652985453606,0.031029610290399086,0.026105753886335056,0.01908695730494548,0.01416310090088145,-0.0049238564040640295,86.0,154.0
P3S_B006,0.5,0.024226631969213486,0.03599843280089227,0.0305157174124271,0.011771800831678787,0.006289085443213615,-0.005482715388465172,144.0,152.0
P3S_B006,0.5,0.00424909545108676,0.02177552615030546,0.01301047040375139,0.0175264306992187,0.00876137495266463,-0.00876505574655407,44.0,134.0
P3S_B006,0.5,0.018835268914699554,0.0262523947132442,0.028762378970439626,0.007417125798544647,0.009927110055740072,0.0025099842571954245,123.0,192.0
P3S_B006,0.5,0.012744542211294174,0.03159664532701528,0.015001124471055954,0.01885210311572111,0.00225658225976178,-0.016595520855959327,91.0,71.0
P3S_B006,0.5,0.03748259320855141,0.033941421638377954,0.04262597671359587,0.003541171570173453,0.005143383505044466,0.008684555075217919,217.0,227.0
P3S_B006,0.5,0.014865454286336899,0.037808994343984006,0.025912393257116233,0.022943540057647108,0.011046938970779335,-0.011896601086867773,103.0,108.0
P3S_B006,0.5,0.005867636762559414,0.027176257340197362,0.012984131069650559,0.021308620577637948,0.007116494307091145,-0.014192126270546803,54.0,87.0
P3S_B007,0.3,0.011883032508194447,0.01811309310514469,0.005145250764880696,0.006230060596950242,0.006737781743313751,-0.012967842340263993,211.0,6.0
P3S_B007,0.3,0.022647587582468987,0.008321856010155336,0.01745918184465309,0.01432573157231365,0.005188405737815895,0.009137325834497756,283.0,290.0
P3S_B007,0.3,0.010764917358756065,0.025317331374562154,0.01818827700183035,0.014552414015806089,0.007423359643074286,-0.007129054372731803,198.0,49.0
P3S_B007,0.3,0.02563224360346794,0.010131121208774477,0.029507730428892466,0.015501122394693465,0.0038754868254245248,0.01937660922011799,292.0,316.0
P3S_B007,0.3,0.006951695308089256,0.01540775625038576,0.0038241455894640827,0.008456060942296504,0.0031275497186251736,-0.011583610660921678,160.0,10.0
P3S_B007,0.3,0.013484112918376923,0.007827545496972052,0.0064994205121025085,0.0056565674214048706,0.006984692406274414,-0.0013281249848695435,226.0,154.0
P3S_B007,0.3,0.0015254538739100099,0.006140110823135793,0.018315364970104206,0.004614656949225783,0.016789911096194196,0.012175254146968413,47.0,302.0
P3S_B007,0.3,0.009535863064229488,0.02059694697524188,0.015100341740335393,0.011061083911012393,0.005564478676105905,-0.005496605234906488,188.0,75.0
P3S_B007,0.5,0.027956992387771606,0.03843414895722122,0.04303964178515057,0.010477156569449614,0.015082649397378967,0.004605492827929353,167.0,206.0
P3S_B007,0.5,0.027069056406617165,0.04475637805879509,0.06658813802725497,0.01768732165217793,0.0395190816206378,0.021831759968459874,160.0,277.0
P3S_B007,0.5,0.027094323188066483,0.027674229977249186,0.02620333621403456,0.0005799067891827034,0.000890986974031921,-0.0014708937632146243,162.0,171.0
P3S_B007,0.5,0.057526424527168274,0.0218637740017194,0.04538909355299879,0.03566265052544887,0.012137330974169483,0.02352531955127939,276.0,282.0
P3S_B007,0.5,0.043975695967674255,0.02859395503375206,0.08835539209565005,0.015381740933922194,0.04437969612797579,0.05976143706189799,241.0,318.0
P3S_B007,0.5,0.0006983705097809434,0.029087703483735447,0.019206744948298403,0.028389332973954504,0.01850837443851746,-0.009880958535437044,15.0,124.0
P3S_B007,0.5,0.040326718240976334,0.027924703866280313,0.043258234390073536,0.01240201437469602,0.002931516149097202,0.015333530523793222,224.0,257.0
P3S_B007,0.5,0.0499752014875412,0.03665823480316768,0.05018131454952238,0.013316966684373516,0.00020611306198117796,0.013523079746354694,256.0,249.0
P3S_B008,0.3,0.0007151606259867549,-0.0016928219293312029,-0.004284080792910639,0.0024079825553179578,0.004999241418897394,-0.002591258863579436,32.0,131.0
P3S_B008,0.3,2.2554343104275176e-06,-0.00440857567364621,-0.0023239453891148766,0.004410831107956637,0.002326200823425304,0.002084630284531333,5.0,211.0
P3S_B008,0.3,0.003762108739465475,-0.0005712554979245034,0.008699421200025693,0.0043333642373899785,0.004937312460560218,0.009270676697950196,103.0,292.0
P3S_B008,0.3,0.015301879495382309,0.004681188540885943,0.01015207595047204,0.010620690954496366,0.005149803544910269,0.005470887409586097,240.0,251.0
P3S_B008,0.3,0.0012630103155970573,-0.0020612254093547826,0.0004975910083352651,0.00332423572495184,0.0007654193072617922,0.0025588164176900477,45.0,217.0
P3S_B008,0.3,0.003748993156477809,0.01806706811725739,0.015350053202546987,0.014318074960779581,0.011601060046069178,-0.002717014914710403,102.0,126.0
P3S_B008,0.3,0.0017607099143788218,0.011458701642036138,0.012549545389750644,0.009697991727657316,0.010788835475371822,0.001090843747714506,54.0,194.0
P3S_B008,0.3,0.02225722372531891,0.032197613476973704,0.03135807520195499,0.009940389751654795,0.009100851476636078,-0.0008395382750187169,280.0,163.0
P3S_B008,0.5,4.6658615815431403e-07,0.01132246909752941,-0.001876469830551529,0.011322002511371256,0.0018769364167096833,-0.013198938928080939,2.0,95.0
P3S_B008,0.5,0.0023668210487812757,0.018595507963757273,0.009220680476273774,0.016228686914975997,0.006853859427492498,-0.009374827487483499,28.0,126.0
P3S_B008,0.5,4.031422213301994e-05,0.013798155512124939,0.0016585298766542307,0.01375784128999192,0.0016182156545212108,-0.012139625635470708,7.0,106.0
P3S_B008,0.5,0.010931321419775486,0.030599913072704946,0.009999604982405624,0.01966859165292946,0.0009317164373698616,-0.02060030809029932,79.0,36.0
P3S_B008,0.5,0.06078799441456795,0.03668401228515408,0.0568063009914042,0.024103982129413865,0.0039816934231637485,0.020122288706250116,284.0,273.0
P3S_B008,0.5,0.029267795383930206,0.040468811421878526,0.054137700907335315,0.01120101603794832,0.02486990552340511,0.01366888948545679,173.0,250.0
P3S_B008,0.5,0.03813415765762329,0.035053663904231834,0.054085568964443095,0.003080493753391457,0.015951411306819804,0.01903190506021126,219.0,271.0
P3S_B008,0.5,0.015087565407156944,0.026181019812741103,0.052458699170746206,0.011093454405584159,0.03737113376358926,0.026277679358005103,106.0,290.0
P3S_B009,0.3,0.003131250385195017,-0.0006087424760017994,-0.0007386679072973537,0.0037399928611968163,0.0038699182924923706,-0.0001299254312955543,90.0,174.0
P3S_B009,0.3,0.013954465277493,0.02316399534838686,0.02694118391773654,0.00920953007089386,0.01298671864024354,0.0037771885693496793,231.0,234.0
P3S_B009,0.3,0.004433111287653446,0.007624836298753884,0.003287400831732977,0.0031917250111004377,0.0011457104559204692,-0.004337435467020907,120.0,94.0
P3S_B009,0.3,0.000984563259407878,-0.0028070792981263228,-0.0016872146342013783,0.0037916425575342007,0.002671777893609256,0.0011198646639249445,40.0,195.0
P3S_B009,0.3,0.0008359723724424839,0.006597303145551625,0.0075103655321571115,0.005761330773109141,0.006674393159714628,0.0009130623866054864,33.0,191.0
P3S_B009,0.3,0.007486054673790932,0.005354264035041741,0.012466792996615406,0.0021317906387491904,0.004980738322824474,0.007112528961573664,164.0,274.0
P3S_B009,0.3,0.0004258392145857215,0.007244820999767351,0.0021179637124827608,0.00681898178518163,0.0016921244978970393,-0.0051268572872845905,25.0,80.0
P3S_B009,0.3,0.01715593785047531,0.013429331943546056,0.020189652904221537,0.003726605906929255,0.0030337150537462255,0.00676032096067548,249.0,269.0
P3S_B009,0.5,0.040360935032367706,0.025644053038193178,0.03864202547452057,0.014716881994174529,0.0017189095578471342,0.012997972436327394,225.0,247.0
P3S_B009,0.5,0.02313637174665928,0.023578099817629084,0.02467506966130314,0.0004417280709698053,0.0015386979146438627,0.0010969698436740574,138.0,187.0
P3S_B009,0.5,0.0291758943349123,0.034800982382924193,0.028809204971252528,0.005625088048011893,0.00036668936365977234,-0.005991777411671666,172.0,146.0
P3S_B009,0.5,0.005299507174640894,0.029260645335810652,0.005142783368380095,0.023961138161169758,0.00015672380626079868,-0.024117861967430557,50.0,12.0
P3S_B009,0.5,0.017256060615181923,0.022169831818716883,0.00813111024567342,0.0049137712035349605,0.009124950369508503,-0.014038721573043464,120.0,90.0
P3S_B009,0.5,0.013595272786915302,0.020220087527164813,0.016846807809959764,0.006624814740249511,0.003251535023044462,-0.0033732797172050487,95.0,164.0
P3S_B009,0.5,0.004500734154134989,0.029588670039441756,0.008125286572782865,0.025087935885306768,0.0036245524186478764,-0.02146338346665889,45.0,31.0
P3S_B009,0.5,0.03551837056875229,0.0333124261790497,0.0472009422012819,0.002205944389702591,0.011682571632529608,0.013888516022232199,205.0,251.0
P3S_B010,0.3,0.005416190251708031,-0.002095583497995459,0.003424526365025937,0.00751177374970349,0.0019916638866820935,0.005520109863021396,143.0,252.0
P3S_B010,0.3,0.0022256316151469946,0.015041459607659454,0.005427613508837763,0.01281582799251246,0.0032019818936907685,-0.009613846098821691,66.0,21.0
P3S_B010,0.3,0.0015577792655676603,0.003377837908900092,0.001990152896620058,0.0018200586433324319,0.0004323736310523976,-0.0013876850122800342,49.0,152.0
P3S_B010,0.3,0.005009666085243225,0.012770591783375859,0.01750119784087493,0.007760925698132633,0.012491531755631703,0.00473060605749907,130.0,245.0
P3S_B010,0.3,6.813525033066981e-07,-0.002986557400276455,-0.0010760446656403536,0.002987238752779762,0.0010767260181436603,0.0019105127346361016,1.0,207.0
P3S_B010,0.3,0.005190829746425152,-0.002095583497995459,0.00728186010437114,0.007286413244420611,0.0020910303579459878,0.009377443602366599,135.0,293.0
P3S_B010,0.3,4.649030961445533e-05,0.004530095013477495,0.002802937698639388,0.0044836047038630394,0.0027564473890249325,-0.001727157314838107,17.0,146.0
P3S_B010,0.3,0.004268058110028505,0.0031787186255328725,0.005920954880009993,0.0010893394844956328,0.0016528967699814875,0.0027422362544771203,114.0,220.0
P3S_B010,0.5,9.209191193804145e-05,0.025941802465894045,0.003245705561406069,0.025849710553956004,0.0031536136494680275,-0.022696096904487977,13.0,22.5
P3S_B010,0.5,0.0064214435406029224,0.02632909469091036,0.01582722395619693,0.01990765115030744,0.009405780415594006,-0.010501870734713432,57.0,121.0
P3S_B010,0.5,0.0161434393376112,0.026230414422079504,0.018146048989340444,0.010086975084468305,0.002002609651729246,-0.00808436543273906,113.0,138.0
P3S_B010,0.5,0.03613418713212013,0.033525296846144526,0.05585148818487378,0.002608890285975607,0.019717301052753648,0.022326191338729255,208.0,279.0
P3S_B010,0.5,4.9762820708565414e-05,0.02632909469091036,0.003399803605674233,0.026279331870201796,0.0033500407849656674,-0.022929291085236128,9.0,19.0
P3S_B010,0.5,0.010308684781193733,0.03451336879260758,0.020810575448383578,0.024204684011413846,0.010501890667189845,-0.013702793344224001,74.0,91.0
P3S_B010,0.5,4.297710256651044e-05,0.025941802465894045,0.003245705561406069,0.025898825363327535,0.0032027284588395585,-0.022696096904487977,8.0,22.5
P3S_B010,0.5,0.0021989985834807158,0.02665454750766183,0.003958652572468427,0.024455548924181114,0.001759653988987711,-0.022695894935193403,26.0,24.0
P3S_B011,0.3,0.006827882025390863,0.013642432861868125,0.010072376266082867,0.0068145508364772615,0.0032444942406920033,-0.003570056595785258,159.0,108.0
P3S_B011,0.3,0.010542431846261024,0.011527956328844662,0.015694406220859228,0.0009855244825836378,0.005151974374598203,0.0041664498920145655,197.0,238.0
P3S_B011,0.3,0.0035798640456050634,0.01036674069801714,0.0047274861582390325,0.0067868766524120765,0.001147622112633969,-0.005639254539778107,98.0,72.0
P3S_B011,0.3,0.0042281076312065125,0.011946993375347298,0.005175728078515275,0.007718885744140785,0.0009476204473087627,-0.006771265296832023,113.0,55.0
P3S_B011,0.3,0.0013235670048743486,0.014929227537228511,0.00481804008305892,0.013605660532354163,0.0034944730781845713,-0.010111187454169591,46.0,16.0
P3S_B011,0.3,0.0052801440469920635,0.006470856503544618,0.0032638477168832995,0.0011907124565525545,0.002016296330108764,-0.0032070087866613185,140.0,114.0
P3S_B011,0.3,0.007922152988612652,0.014225893114113002,0.009659303859098417,0.00630374012550035,0.0017371508704857649,-0.004566589255014585,171.0,92.0
P3S_B011,0.3,0.011679998598992825,0.018340544558633848,0.016024043570253985,0.006660545959641023,0.00434404497126116,-0.002316500988379863,206.0,135.0
P3S_B011,0.5,0.04272079095244408,0.0357184266114136,0.04077234227744808,0.007002364341030479,0.001948448674995995,0.005053915666034484,236.0,208.0
P3S_B011,0.5,0.008733084425330162,0.023215883771526894,0.01077601859910984,0.014482799346196732,0.002042934173779678,-0.012439865172417054,68.0,102.0
P3S_B011,0.5,0.0041153933852910995,0.027592657145324807,0.0044079654438797695,0.023477263760033708,0.00029257205858867,-0.023184691701445038,41.0,18.0
P3S_B011,0.5,0.007662881165742874,0.035362412290745986,0.009879068873482551,0.02769953112500311,0.0022161877077396773,-0.025483343417263434,62.0,6.0
P3S_B011,0.5,0.00515467906370759,0.035487778107434365,0.0022733240973730508,0.030333099043726774,0.0028813549663345393,-0.03321445401006132,49.0,1.0
P3S_B011,0.5,0.0324990451335907,0.029505476282143235,0.03744048151605213,0.002993568851447463,0.004941436382461431,0.007935005233908894,194.0,225.0
P3S_B011,0.5,0.015862595289945602,0.037804979699989194,0.020748176398652753,0.02194238441004359,0.004885581108707151,-0.01705680330133644,111.0,67.0
P3S_B011,0.5,0.07650282979011536,0.03796503611976755,0.0855018307766787,0.038537793670347806,0.008999000986563338,0.047536794656911144,303.0,311.0
P3S_B012,0.3,0.008759398013353348,0.013627547469612877,0.009778763055340187,0.004868149456259529,0.0010193650419868389,-0.00384878441427269,178.0,103.0
P3S_B012,0.3,0.0033604807686060667,0.003081142037157536,0.006282247378154087,0.0002793387314485307,0.0029217666095480207,0.0032011053409965514,93.0,226.0
P3S_B012,0.3,0.002612711861729622,0.010662441082122418,0.016107690222070717,0.008049729220392796,0.013494978360341095,0.005445249139948299,76.0,250.0
P3S_B012,0.3,0.012045055627822876,0.02071731424003227,0.014958216507057816,0.008672258612209393,0.0029131608792349398,-0.005759097732974453,213.0,70.0
P3S_B012,0.3,0.0030353059992194176,-0.001909957492097488,0.006901602771984552,0.004945263491316906,0.003866296772765135,0.00881156026408204,89.0,288.0
P3S_B012,0.3,0.0217395331710577,0.01037056075661505,0.008695925510784228,0.011368972414442652,0.013043607660273474,-0.0016746352458308217,276.0,148.0
P3S_B012,0.3,1.0196590665145777e-06,-0.0017994159802174926,-0.0005740237440555081,0.0018004356392840072,0.0005750434031220227,0.0012253922361619846,4.0,197.0
P3S_B012,0.3,6.099563051975565e-06,-0.005292937011623124,-0.0021413924480344904,0.005299036574675099,0.002147492011086466,0.0031515445635886333,8.0,225.0
P3S_B012,0.5,0.01676802523434162,0.027412865333802484,0.03255326907323801,0.010644840099460862,0.015785243838896387,0.005140403739435525,116.0,209.0
P3S_B012,0.5,0.016787610948085785,0.0292446754480111,0.01633362151072716,0.012457064499925317,0.0004539894373586234,-0.01291105393728394,117.0,97.0
P3S_B012,0.5,0.022068960592150688,0.03239635705069531,0.01575492505751091,0.010327396458544622,0.0063140355346397795,-0.0166414319931844,133.0,70.0
P3S_B012,0.5,0.03364294767379761,0.023907962207125103,0.04443341901303976,0.009734985466672504,0.010790471339242151,0.020525456805914655,199.0,275.0
P3S_B012,0.5,0.026437651365995407,0.030308536385105823,0.025493877026984635,0.0038708850191104156,0.0009437743390107722,-0.004814659358121188,159.0,155.0
P3S_B012,0.5,0.01141610648483038,0.03146179634557313,0.016003581396114613,0.020045689860742753,0.004587474911284233,-0.01545821494945852,83.0,76.0
P3S_B012,0.5,0.03074517287313938,0.0318926669041214,0.0634642452568637,0.0011474940309820214,0.03271907238372432,0.0315715783527423,180.0,299.0
P3S_B012,0.5,0.022057225927710533,0.03563646090657957,0.020423528578295352,0.013579234978869037,0.0016336973494151807,-0.015212932328284218,132.0,78.0
P3S_B013,0.3,0.005777026992291212,0.0031917112425121665,0.009489349891097024,0.0025853157497790456,0.0037123228988058116,0.006297638648584857,149.0,263.0
P3S_B013,0.3,0.0047928523272275925,0.010492835602839057,0.003374296884176165,0.005699983275611465,0.0014185554430514273,-0.007118538718662892,125.0,50.0
P3S_B013,0.3,0.005229940637946129,0.005167332071330638,0.004055544466011328,6.260856661549109e-05,0.001174396171934801,-0.0011117876053193098,136.0,159.0
P3S_B013,0.3,0.025874007493257523,0.028413100322895773,0.03060311615114517,0.00253909282963825,0.004729108657887646,0.002190015828249396,293.0,215.0
P3S_B013,0.3,0.022569874301552773,0.027549884654187014,0.035268153369925365,0.004980010352634241,0.012698279068372592,0.007718268715738351,282.0,278.0
P3S_B013,0.3,0.004927400965243578,0.021277882332351623,0.01253222886343779,0.016350481367108045,0.0076048278981942115,-0.008745653468913834,129.0,28.0
P3S_B013,0.3,0.01269783265888691,0.022034754361029665,0.015438300402257077,0.009336921702142755,0.0027404677433701674,-0.006596453958772588,219.0,56.0
P3S_B013,0.3,0.00591231370344758,0.0010001825880715798,0.0038441361897201473,0.0049121311153760006,0.002068177513727433,0.0028439536016485675,151.0,221.0
P3S_B013,0.5,0.056327320635318756,0.04156121426189074,0.06543447863502999,0.014766106373428019,0.009107157999711235,0.023873264373139254,272.0,284.0
P3S_B013,0.5,0.0527261421084404,0.04104202554851353,0.06775130012402034,0.01168411655992687,0.015025158015579937,0.026709274575506807,265.0,291.0
P3S_B013,0.5,0.029878774657845497,0.02569373593860033,0.0346841430846023,0.0041850387192451655,0.004805368426756801,0.008990407146001966,175.0,231.0
P3S_B013,0.5,0.04486312344670296,0.035829347905305634,0.05280041375964373,0.009033775541397324,0.00793729031294077,0.016971065854338094,243.0,264.0
P3S_B013,0.5,0.036455124616622925,0.025855347437459777,0.03691217886933956,0.010599777179163147,0.0004570542527166377,0.011056831431879785,210.0,238.0
P3S_B013,0.5,0.02261734940111637,0.027598659685247738,0.028916013840158742,0.004981310284131367,0.006298664439042371,0.001317354154911004,136.0,188.0
P3S_B013,0.5,0.0046072532422840595,0.03296803527608077,0.010792361076252959,0.02836078203379671,0.0061851078339689,-0.02217567419982781,47.0,25.0
P3S_B013,0.5,0.05080774053931236,0.03394739779607667,0.06157984916113648,0.016860342743235696,0.010772108621824115,0.02763245136505981,259.0,292.0
P3S_B014,0.3,0.01283203437924385,0.012849374398524379,0.008807236799565684,1.7340019280527932e-05,0.004024797579678167,-0.004042137598958695,222.0,100.0
P3S_B014,0.3,0.02739216946065426,0.008586527617279936,0.014904935241425976,0.018805641843374323,0.012487234219228283,0.00631840762414604,301.0,264.0
P3S_B014,0.3,0.015999384224414825,0.007983829402112584,0.00777924014075361,0.008015554822302241,0.008220144083661216,-0.0002045892613589742,244.0,172.0
P3S_B014,0.3,0.011660066433250904,0.014469288752632547,0.005139062238680797,0.0028092223193816428,0.006521004194570107,-0.00933022651395175,205.0,24.0
P3S_B014,0.3,0.010513661429286003,0.008215806884675547,0.006588453709219792,0.002297854544610456,0.0039252077200662115,-0.0016273531754557556,196.0,149.0
P3S_B014,0.3,0.01414895337074995,0.011166500250010668,0.00860590956931474,0.0029824531207392826,0.005543043801435211,-0.002560590680695928,233.0,132.0
P3S_B014,0.3,0.007365495897829533,0.027085712794423816,0.010592012746975157,0.019720216896594284,0.003226516849145624,-0.01649370004744866,163.0,1.0
P3S_B014,0.3,0.012824363075196743,0.007734566722120289,0.009873179994305259,0.005089796353076454,0.002951183080891484,0.00213861327218497,221.0,213.0
P3S_B014,0.5,0.11257664114236832,0.04012303234114349,0.0893045934270024,0.07245360880122483,0.023272047715365923,0.0491815610858589,318.0,312.0
P3S_B014,0.5,0.025004493072628975,0.030344285787758433,0.013211737067706638,0.005339792715129459,0.011792756004922337,-0.017132548720051793,150.0,66.0
P3S_B014,0.5,0.03696531057357788,0.032984784671253896,0.03943930538092576,0.003980525902323985,0.0024739948073478762,0.006454520709671861,215.0,215.0
P3S_B014,0.5,0.0627775490283966,0.03270276539662063,0.03583775664281349,0.03007478363177598,0.026939792385583118,0.0031349912461928614,289.0,196.0
P3S_B014,0.5,0.06200896576046944,0.03722026404109672,0.05288055961662176,0.024788701719372717,0.009128406143847675,0.015660295575525042,287.0,260.0
P3S_B014,0.5,0.023209817707538605,0.03406772762254119,0.016520682140414286,0.010857909915002587,0.0066891355671243186,-0.017547045482126905,139.0,60.0
P3S_B014,0.5,0.007443592417985201,0.03183625808257817,0.010653389222244524,0.024392665664592972,0.003209796804259323,-0.02118286886033365,58.0,32.0
P3S_B014,0.5,0.007520993705838919,0.026979152382237418,0.0035260408287364764,0.0194581586763985,0.003994952877102442,-0.02345311155350094,60.0,17.0
P3S_B015,0.3,9.62556214290089e-07,-0.004307115443558426,-0.002263725183987826,0.0043080779997727164,0.0022646877402021162,0.0020433902595706002,3.0,208.5
P3S_B015,0.3,0.01763908378779888,0.024364332726266293,0.020049860133599988,0.006725248938467411,0.0024107763458011064,-0.004314472592666305,253.0,95.0
P3S_B015,0.3,0.003662499599158764,0.013276954382824828,0.005792795839938825,0.009614454783666064,0.002130296240780061,-0.007484158542886003,100.0,41.0
P3S_B015,0.3,8.016148171918758e-07,-0.004307115443558426,-0.002263725183987826,0.004307917058375618,0.002264526798805018,0.0020433902595706002,2.0,208.5
P3S_B015,0.3,0.005818562116473913,0.01804028879646285,0.013518046306129527,0.012221726679988935,0.007699484189655614,-0.004522242490333322,150.0,93.0
P3S_B015,0.3,0.020693931728601456,0.015140540022460802,0.02084751287249834,0.005553391706140654,0.00015358114389688385,0.005706972850037538,269.0,255.0
P3S_B015,0.3,0.0018537037540227175,0.007988100954958792,0.0069011830260488575,0.006134397200936075,0.00504747927202614,-0.0010869179289099348,58.0,160.0
P3S_B015,0.3,4.41579868493136e-06,-0.0064630598900884545,-0.0027483024185171005,0.006467475688773386,0.002752718217202032,0.003714757471571354,7.0,233.0
P3S_B015,0.5,0.024676619097590446,0.0342179995528518,0.026813849008571367,0.009541380455261352,0.00213722991098092,-0.0074041505442804315,146.0,141.0
P3S_B015,0.5,0.028741460293531418,0.0250113440479207,0.019649076442694095,0.003730116245610718,0.009092383850837323,-0.005362267605226605,171.0,153.0
P3S_B015,0.5,0.03261177986860275,0.02833799214192946,0.022722282138880386,0.004273787726673292,0.009889497729722366,-0.005615710003049074,195.0,151.0
P3S_B015,0.5,0.040644556283950806,0.02946851633228624,0.04000725397635807,0.011176039951664565,0.0006373023075927353,0.01053873764407183,229.0,234.0
P3S_B015,0.5,0.01671917922794819,0.029314371675947665,0.020151978547398905,0.012595192447999476,0.003432799319450716,-0.00916239312854876,115.0,129.0
P3S_B015,0.5,0.012624330818653107,0.03283673837822608,0.010906919941058722,0.020212407559572973,0.0017174108775943851,-0.021929818437167358,90.0,27.0
P3S_B015,0.5,0.05838944762945175,0.03366753853890747,0.03767404596557035,0.02472190909054428,0.020715401663881403,0.004006507426662878,277.0,204.0
P3S_B015,0.5,0.013712044805288315,0.032364041639903356,0.013716945875106204,0.01865199683461504,4.901069817889181e-06,-0.01864709576479715,96.0,48.0
P3S_B016,0.3,0.0005869815940968692,0.006901525903335455,0.0021869955421679604,0.006314544309238586,0.0016000139480710912,-0.004714530361167495,28.0,89.0
P3S_B016,0.3,0.0025270923506468534,0.006660868041375462,0.006642093861112981,0.004133775690728609,0.004115001510466128,-1.8774180262481205e-05,74.0,176.0
P3S_B016,0.3,0.0017615151591598988,0.004863627729929577,0.006725943919055618,0.0031021125707696787,0.004964428759895719,0.0018623161891260405,55.0,206.0
P3S_B016,0.3,0.0016000402392819524,0.0051437387606117525,0.0064081716072608985,0.0035436985213298,0.004808131367978946,0.001264432846649146,51.0,199.0
P3S_B016,0.3,0.00093806505901739,0.0109474930891472,0.008346467799961559,0.01000942803012981,0.0074084027409441686,-0.0026010252891856406,39.0,129.0
P3S_B016,0.3,0.0009033847018145025,0.009179982052374192,0.002814885886082804,0.008276597350559689,0.0019115011842683015,-0.0063650961662913876,36.0,59.0
P3S_B016,0.3,0.018236979842185974,0.020514649380281098,0.03130846550421894,0.0022776695380951235,0.013071485662032964,0.01079381612393784,256.0,296.0
P3S_B016,0.3,0.002272105310112238,0.012030506326927029,0.008168588389578423,0.00975840101681479,0.005896483079466185,-0.003861917937348606,67.0,102.0
P3S_B016,0.5,0.015113763511180878,0.02524019499538653,0.039180930050792595,0.010126431484205653,0.024067166539611717,0.013940735055406064,107.0,252.0
P3S_B016,0.5,0.0118222301825881,0.031087908463772705,0.03378825509223938,0.019265678281184605,0.02196602490965128,0.002700346628466674,84.0,194.0
P3S_B016,0.5,0.01009538397192955,0.032307274520115295,0.01802180741457709,0.022211890548185745,0.007926423442647539,-0.014285467105538206,72.0,86.0
P3S_B016,0.5,0.014974432066082954,0.03891520432179982,0.016015016995844646,0.023940772255716863,0.001040584929761692,-0.02290018732595517,105.0,20.0
P3S_B016,0.5,0.010658619925379753,0.02460734899860901,0.023496138007160085,0.013948729073229256,0.012837518081780332,-0.0011112109914489243,77.0,176.0
P3S_B016,0.5,0.021417448297142982,0.024540470158809027,0.010968615559670747,0.003123021861666044,0.010448832737472236,-0.01357185459913828,129.0,93.0
P3S_B016,0.5,0.00329092750325799,0.02920590665232025,0.013104614206261671,0.02591497914906226,0.009813686703003682,-0.01610129244605858,34.0,73.0
P3S_B016,0.5,0.0007668193429708481,0.024392955306113698,0.0073772256631829125,0.02362613596314285,0.006610406320212064,-0.017015729642930785,18.0,68.0
P3S_B017,0.3,0.022113699465990067,0.012966602670515267,0.016215831930350675,0.0091470967954748,0.0058978675356393916,0.0032492292598354077,279.0,227.0
P3S_B017,0.3,0.021377891302108765,0.018083070203909903,0.02492641746305765,0.003294821098198862,0.003548526160948886,0.006843347259147748,272.0,271.0
P3S_B017,0.3,0.01170332171022892,0.005806308992209876,0.0057263871530658615,0.005897012718019044,0.0059769345571630585,-7.992183914401485e-05,207.0,175.0
P3S_B017,0.3,0.010117033496499062,0.016408372714591005,0.018470618106076184,0.006291339218091944,0.008353584609577122,0.0020622453914851784,191.0,210.0
P3S_B017,0.3,0.0019258845131844282,0.009804479784039415,0.00289211274075055,0.007878595270854986,0.0009662282275661217,-0.006912367043288865,60.0,53.0
P3S_B017,0.3,0.008545862510800362,0.011090521698193039,0.005223709735732076,0.0025446591873926772,0.0033221527750682857,-0.005866811962460963,177.0,67.0
P3S_B017,0.3,0.0020562419667840004,0.006864897990440209,0.0019417681580143273,0.004808656023656209,0.00011447380876967311,-0.004923129832425882,63.0,85.0
P3S_B017,0.3,0.006238051690161228,0.005019693106852406,0.008724359757224071,0.0012183585833088224,0.0024863080670628427,0.003704666650371665,152.0,232.0
P3S_B017,0.5,0.07939426600933075,0.04759557750639111,0.08746318046395246,0.03179868850293964,0.008068914454621712,0.03986760295756135,306.0,307.0
P3S_B017,0.5,0.057222530245780945,0.02918208089002399,0.040231576642523026,0.028040449355756954,0.01699095360325792,0.011049495752499035,275.0,237.0
P3S_B017,0.5,0.022140255197882652,0.03280043825346411,0.028347984411232704,0.01066018305558146,0.0062077292133500515,-0.004452453842231408,134.0,156.0
P3S_B017,0.5,0.05318590626120567,0.024129686636992533,0.06048779412069466,0.02905621962421314,0.007301887859488987,0.03635810748370213,266.0,302.0
P3S_B017,0.5,0.008419618010520935,0.036686680886477384,0.007797300276869319,0.02826706287595645,0.0006223177336516159,-0.028889380609608065,66.0,3.0
P3S_B017,0.5,0.0520736426115036,0.044470412978187934,0.06157255922697931,0.007603229633315667,0.009498916615475708,0.017102146248791375,262.0,265.0
P3S_B017,0.5,0.04960105940699577,0.030134328748270652,0.04809828494493404,0.01946673065872512,0.0015027744620617345,0.017963956196663387,255.0,268.0
P3S_B017,0.5,0.06098635867238045,0.03317570999668898,0.0728338573887741,0.02781064867569147,0.01184749871639365,0.03965814739208512,285.0,306.0
P3S_B018,0.3,0.02163003943860531,0.00697397692341729,0.020189754636430263,0.014656062515188018,0.0014402848021750451,0.013215777713012973,275.0,307.0
P3S_B018,0.3,0.010775616392493248,0.012706987886786033,0.023204797956364535,0.001931371494292785,0.012429181563871287,0.010497810069578502,199.0,294.0
P3S_B018,0.3,0.011592170223593712,0.012081228261751462,0.00895840052724832,0.0004890580381577501,0.002633769696345392,-0.0031228277345031422,204.0,119.0
P3S_B018,0.3,0.02361764758825302,0.020976190048508616,0.02137223839007495,0.0026414575397444053,0.0022454091981780715,0.0003960483415663338,285.0,186.0
P3S_B018,0.3,0.008056007325649261,0.00896144529539906,0.007162897830967262,0.0009054379697497981,0.0008931094946819998,-0.0017985474644317979,174.0,143.0
P3S_B018,0.3,0.04218977689743042,0.028702149107629006,0.036643312209971066,0.013487627789801414,0.005546464687459354,0.00794116310234206,318.0,280.0
P3S_B018,0.3,0.01923559233546257,0.0154652328937748,0.02144202404945656,0.0037703594416877706,0.0022064317139939907,0.005976791155681761,261.0,257.0
P3S_B018,0.3,0.017249707132577896,0.009989763926007613,0.01611458598280969,0.007259943206570283,0.0011351211497682076,0.0061248220568020754,250.0,261.0
P3S_B018,0.5,0.06303980946540833,0.0314921463262273,0.044944897007441066,0.031547663139181024,0.01809491245796726,0.013452750681213765,290.0,248.0
P3S_B018,0.5,0.021331533789634705,0.03056399501103086,0.022145009034808046,0.009232461221396156,0.000813475245173341,-0.008418985976222815,128.0,136.0
P3S_B018,0.5,0.01751944050192833,0.02736875026981285,0.01699744051752071,0.00984930976788452,0.0005219999844076201,-0.01037130975229214,121.0,122.0
P3S_B018,0.5,0.05519188195466995,0.032368932249558516,0.03139707329370735,0.022822949705111437,0.023794808660962605,-0.0009718589558511681,270.0,177.0
P3S_B018,0.5,0.025929752737283707,0.025926779271209108,0.019782865698256373,2.9734660745989183e-06,0.006146887039027334,-0.006143913572952735,155.0,144.0
P3S_B018,0.5,0.03680647909641266,0.02307291824498991,0.02680171809432113,0.013733560851422747,0.01000476100209153,0.003728799849331218,214.0,201.0
P3S_B018,0.5,0.03490011766552925,0.022798200257392046,0.016881779082223766,0.012101917408137205,0.018018338583305486,-0.005916421175168281,202.0,148.0
P3S_B018,0.5,0.07805027067661285,0.038402817166852087,0.0692154047750742,0.03964745350976077,0.00883486590153866,0.030812587608222107,304.0,298.0
P3S_B019,0.3,0.01930731162428856,0.02216014409728398,0.01960461971459605,0.00285283247299542,0.00029730809030749025,-0.00255552438268793,263.0,133.0
P3S_B019,0.3,0.03172938898205757,0.02060293107712897,0.032727224241713704,0.0111264579049286,0.0009978352596561324,0.012124293164584733,306.0,301.0
P3S_B019,0.3,0.013492193073034286,0.00900039542986861,0.007269286354812322,0.004491797643165676,0.006222906718221965,-0.001731109075056289,227.0,145.0
P3S_B019,0.3,0.036830998957157135,0.013680020177051243,0.024481729795436922,0.023150978780105892,0.012349269161720213,0.010801709618385679,312.0,297.0
P3S_B019,0.3,0.011580831371247768,0.0093817432884847,0.015478324939872733,0.002199088082763069,0.003897493568624965,0.006096581651388034,203.0,260.0
P3S_B019,0.3,0.012421481311321259,0.007956326627073237,0.012868960214712927,0.004465154684248022,0.0004474789033916682,0.00491263358763969,216.0,246.0
P3S_B019,0.3,0.03807470202445984,0.003749967390116817,0.02292830190377261,0.03432473463434302,0.015146400120687228,0.019178334513655793,313.0,315.0
P3S_B019,0.3,0.016877081245183945,0.007858208180181186,0.007222522706533448,0.009018873065002759,0.009654558538650496,-0.0006356854736477378,247.0,167.0
P3S_B019,0.5,0.01791767217218876,0.03300938362190182,0.01114034857244562,0.01509171144971306,0.006777323599743139,-0.021869035049456198,122.0,29.0
P3S_B019,0.5,0.048119768500328064,0.03934813504776616,0.03879845272017175,0.008771633452561906,0.009321315780156311,-0.0005496823275944057,251.0,180.0
P3S_B019,0.5,0.032375268638134,0.026428079151245263,0.02799123708363427,0.00594718948688874,0.004384031554499734,0.0015631579323890053,193.0,191.0
P3S_B019,0.5,0.08304697275161743,0.02574179343141588,0.0758344655643885,0.05730517932020155,0.007212507187228934,0.05009267213297262,310.0,314.0
P3S_B019,0.5,0.023975994437932968,0.026090038773057052,0.01606574962100005,0.0021140443351240837,0.007910244816932917,-0.010024289152057001,143.0,123.0
P3S_B019,0.5,0.038832973688840866,0.02935330234178122,0.034761912117043645,0.009479671347059647,0.0040710615717972215,0.005408609775262425,221.0,210.0
P3S_B019,0.5,0.054518550634384155,0.03536363568970195,0.05084110146918707,0.019154914944682203,0.0036774491651970845,0.015477465779485118,268.0,259.0
P3S_B019,0.5,0.004541365429759026,0.0290374044069373,0.005103954457374852,0.024496038977178274,0.0005625890276158268,-0.023933449949562445,46.0,14.0
P3S_B020,0.3,0.00028896695584990084,0.0018834571612803622,0.0002708444008610762,0.0015944902054304613,1.812255498882462e-05,-0.001612612760419286,20.0,150.0
P3S_B020,0.3,0.000503025483340025,0.0031454650613772298,0.0023203345916754624,0.002642439578037205,0.0018173091083354374,-0.0008251304697017674,27.0,164.0
P3S_B020,0.3,0.0020007160492241383,-0.0009857795060102086,6.83295713260687e-05,0.002986495555234347,0.0019323864778980696,0.0010541090773362773,61.0,193.0
P3S_B020,0.3,0.0047111730091273785,0.016829029166191133,0.003401576508339676,0.012117856157063754,0.0013095965007877026,-0.013427452657851457,123.0,5.0
P3S_B020,0.3,0.0021396924275904894,0.012032321379760597,0.0038099236358802996,0.009892628952170107,0.0016702312082898102,-0.008222397743880297,64.0,33.0
P3S_B020,0.3,0.0004548314318526536,0.00047802043999024824,0.000755693188681239,2.3189008137594613e-05,0.0003008617568285854,0.0002776727486909908,26.0,182.0
P3S_B020,0.3,0.004185948986560106,0.012286439773127307,0.007413591316599475,0.0081004907865672,0.0032276423300393684,-0.004872848456527832,112.0,86.0
P3S_B020,0.3,0.0025813018437474966,0.010114249737668028,0.005349587052671372,0.007532947893920531,0.0027682852089238753,-0.004764662684996656,75.0,88.0
P3S_B020,0.5,0.003310648025944829,0.031094395704753842,0.006082235646745027,0.027783747678809013,0.0027715876208001984,-0.025012160058008815,35.0,8.0
P3S_B020,0.5,0.004126125015318394,0.029639913006582738,0.007738253490372125,0.025513787991264344,0.0036121284750537316,-0.021901659516210613,43.0,28.0
P3S_B020,0.5,0.03231147676706314,0.03531417794480535,0.040307512554672464,0.0030027011777422064,0.007996035787609324,0.004993334609867117,191.0,207.0
P3S_B020,0.5,0.0027411647606641054,0.028443448561341712,0.0043482049601451835,0.025702283800677607,0.001607040199481078,-0.02409524360119653,29.0,13.0
P3S_B020,0.5,0.05500945448875427,0.032949857905445204,0.04469671872177506,0.02205959658330907,0.010312735766979213,0.011746860816329856,269.0,240.0
P3S_B020,0.5,0.036134082823991776,0.029683397273470732,0.032781571689850256,0.006450685550521043,0.00335251113414152,0.0030981744163795233,207.0,195.0
P3S_B020,0.5,0.03358173742890358,0.03238318554463133,0.0405593937598732,0.0011985518842722517,0.0069776563309696185,0.00817620821524187,198.0,226.0
P3S_B020,0.5,0.016086125746369362,0.0270589512669795,0.04247500607337833,0.010972825520610137,0.026388880327008965,0.015416054806398828,112.0,258.0
P3S_B021,0.3,0.022517777979373932,0.027026238412969663,0.021355712225869992,0.004508460433595731,0.0011620657535039401,-0.005670526187099671,281.0,71.0
P3S_B021,0.3,0.0029235961847007275,0.008613400676080093,0.004477515140742645,0.005689804491379366,0.0015539189560419171,-0.004135885535337449,85.0,99.0
P3S_B021,0.3,0.026494573801755905,0.01338362227758441,0.0262785146067359,0.013110951524171495,0.0002160591950200047,0.01289489232915149,298.0,305.0
P3S_B021,0.3,0.006750402040779591,0.012939420933215855,0.018627976827877993,0.006189018892436265,0.011877574787098402,0.005688555894662137,157.0,254.0
P3S_B021,0.3,0.0040180315263569355,0.00785517479582867,0.007869798734568948,0.0038371432694717343,0.0038517672082120126,1.4623938740278286e-05,109.0,177.0
P3S_B021,0.3,0.018483441323041916,0.00652129852108657,0.013288578918027127,0.011962142801955346,0.005194862405014789,0.006767280396940557,258.0,270.0
P3S_B021,0.3,0.008507059887051582,0.018533111778616225,0.015753724632387053,0.010026051891564643,0.00724666474533547,-0.0027793871462291724,176.0,123.0
P3S_B021,0.3,0.028261922299861908,0.005985917549351242,0.023354642595018585,0.022276004750510666,0.004907279704843323,0.017368725045667343,302.0,313.0
P3S_B021,0.5,0.04055032506585121,0.024661991203057856,0.03099832819873373,0.015888333862793355,0.009551996867117482,0.006336336995675873,227.0,214.0
P3S_B021,0.5,0.07094190269708633,0.027422126833572532,0.06473410963177115,0.0435197758635138,0.006207793065315187,0.03731198279819861,298.0,304.0
P3S_B021,0.5,0.10958009958267212,0.037103990734787734,0.08734514900581523,0.07247610884788439,0.022234950576856885,0.0502411582710275,316.0,315.0
P3S_B021,0.5,0.030349044129252434,0.02380655601461512,0.031203902564920193,0.006542488114637313,0.0008548584356677588,0.007397346550305071,178.0,223.0
P3S_B021,0.5,0.010310456156730652,0.026491142841764907,0.013681858118496242,0.016180686685034255,0.0033714019617655903,-0.012809284723268664,75.0,101.0
P3S_B021,0.5,0.008684160187840462,0.038615180409946104,0.02034524404300358,0.029931020222105642,0.011661083855163117,-0.018269936366942525,67.0,52.0
P3S_B021,0.5,0.015848152339458466,0.025647481781016255,0.012827012407939301,0.00979932944155779,0.0030211399315191647,-0.012820469373076954,110.0,100.0
P3S_B021,0.5,0.08113227784633636,0.03795918822587921,0.0841276962386316,0.043173089620457156,0.0029954183922952377,0.04616850801275239,308.0,310.0
P3S_B022,0.3,0.004494467284530401,0.013185710619912628,0.005409676114606561,0.008691243335382227,0.0009152088300761595,-0.007776034505306067,122.0,37.0
P3S_B022,0.3,0.034682322293519974,0.018719413393628336,0.049373285643287954,0.015962908899891638,0.01469096334976798,0.030653872249659618,310.0,319.0
P3S_B022,0.3,0.024089032784104347,0.018254444463734622,0.025906699929318117,0.0058345883203697255,0.00181766714521377,0.0076522554655834955,287.0,277.0
P3S_B022,0.3,0.0023546230513602495,0.01177284552455629,0.009178260958233191,0.00941822247319604,0.006823637906872942,-0.0025945845663230983,71.0,130.0
P3S_B022,0.3,0.03422826528549194,0.015270742556377455,0.03443175198394209,0.01895752272911449,0.00020348669845014766,0.019161009427564636,309.0,314.0
P3S_B022,0.3,0.019885066896677017,0.01907234366152992,0.022128036587076804,0.0008127232351470975,0.002242969690399787,0.0030556929255468844,267.0,224.0
P3S_B022,0.3,0.005030657164752483,0.003961541153324075,0.012902819655556376,0.0010691160114284087,0.007872162490803893,0.008941278502232301,131.0,289.0
P3S_B022,0.3,0.004067077301442623,0.009237806922226935,0.0057769527754170415,0.005170729620784312,0.0017098754739744183,-0.0034608541468098934,110.0,111.0
P3S_B022,0.5,0.04346039518713951,0.026175637653807978,0.04266095309273829,0.017284757533331533,0.0007994420944012204,0.016485315438930313,239.0,263.0
P3S_B022,0.5,0.03652762621641159,0.03203490476798478,0.026293210773042055,0.004492721448426808,0.010234415443369536,-0.005741693994942728,211.0,150.0
P3S_B022,0.5,0.07009158283472061,0.03746189660596306,0.06298376013421739,0.03262968622875755,0.007107822700503225,0.025521863528254328,295.0,289.0
P3S_B022,0.5,1.9429469830356538e-05,0.024097698205734937,0.00292706399475845,0.02407826873590458,0.0029076345249280933,-0.021170634210976487,6.0,33.0
P3S_B022,0.5,0.004041918553411961,0.022936390551201682,0.003167788546718977,0.018894471997789722,0.0008741300066929837,-0.019768602004482706,40.0,41.0
P3S_B022,0.5,0.041121870279312134,0.029122884699327143,0.03524709814946273,0.01199898557998499,0.005874772129849402,0.006124213450135588,232.0,213.0
P3S_B022,0.5,0.02709019184112549,0.02998543412752945,0.01863603931670467,0.0028952422864039623,0.008454152524420819,-0.011349394810824781,161.0,113.0
P3S_B022,0.5,0.013169103302061558,0.03891311397097247,0.014302765016582827,0.02574401066891091,0.0011336617145212696,-0.02461034895438964,92.0,10.0
P3S_B023,0.3,0.01178847998380661,0.007929654361000755,0.014531595690893986,0.0038588256228058553,0.0027431157070873756,0.006601941329893231,209.0,266.0
P3S_B023,0.3,0.0027100187726318836,0.012746442580294707,0.004260485696552633,0.010036423807662823,0.0015504669239207493,-0.008485956883742074,79.0,31.0
P3S_B023,0.3,0.007611140608787537,0.013114450888960677,0.008963579889347106,0.005503310280173141,0.001352439280559569,-0.004150870999613572,169.0,98.0
P3S_B023,0.3,0.007559964433312416,0.014136572028115975,0.00568937277145058,0.006576607594803559,0.0018705916618618357,-0.008447199256665395,167.0,32.0
P3S_B023,0.3,9.669147402746603e-06,0.010785168591241057,0.0033577714349111824,0.01077549944383831,0.003348102287508436,-0.007427397156329875,10.0,43.0
P3S_B023,0.3,0.01319668535143137,0.026338732790176136,0.012709328298895617,0.013142047438744767,0.00048735705253575255,-0.01362940449128052,224.0,4.0
P3S_B023,0.3,0.005432359874248505,0.0031234132788474575,0.0018283439743065517,0.002308946595401047,0.003604015899941953,-0.0012950693045409058,144.0,155.0
P3S_B023,0.3,0.0036073634400963783,0.019597034461366656,0.00824979470102873,0.015989671021270278,0.004642431260932351,-0.011347239760337927,99.0,11.0
P3S_B023,0.5,8.378346683457494e-05,0.023710542409403446,0.002600368762099941,0.02362675894256887,0.002516585295265366,-0.021110173647303505,12.0,34.0
P3S_B023,0.5,0.0448775514960289,0.0317369286232198,0.04221320371008075,0.0131406228728091,0.0026643477859481512,0.01047627508686095,244.0,233.0
P3S_B023,0.5,0.036575861275196075,0.031110634194187633,0.019821398276212605,0.005465227081008443,0.01675446299898347,-0.011289235917975027,212.0,114.0
P3S_B023,0.5,0.04566169157624245,0.06626317451416897,0.04461828784190282,0.02060148293792652,0.001043403734339629,-0.021644886672266148,245.0,30.0
P3S_B023,0.5,0.035101547837257385,0.053351997865699316,0.037205650716734574,0.01825045002844193,0.002104102879477189,-0.01614634714896474,203.0,72.0
P3S_B023,0.5,0.04926220327615738,0.0619391312362918,0.06217085594888083,0.012676927960134421,0.012908652672723453,0.00023172471258903204,254.0,182.0
P3S_B023,0.5,0.029916558414697647,0.02892891007559717,0.017035552115243498,0.0009876483391004776,0.01288100629945415,-0.011893357960353672,176.0,109.0
P3S_B023,0.5,0.038248009979724884,0.038052197354265,0.04899418146267091,0.00019581262545988187,0.01074617148294603,0.010941984108405911,220.0,236.0
P3S_B024,0.3,0.00189661281183362,0.0034785589629415282,0.008791696738011199,0.0015819461511079082,0.006895083926177579,0.005313137775069671,59.0,248.0
P3S_B024,0.3,0.0026770601980388165,0.008749952483073364,0.017269545187713266,0.006072892285034548,0.01459248498967445,0.008519592704639901,78.0,286.0
P3S_B024,0.3,0.005574776791036129,0.005725098785891371,0.006654090759766565,0.00015032199485524173,0.0010793139687304363,0.0009289919738751946,146.0,192.0
P3S_B024,0.3,1.7033291442203335e-05,-0.00584031499655396,-0.0025239348001213115,0.0058573482879961634,0.002540968091563515,0.0033163801964326486,13.0,228.0
P3S_B024,0.3,0.0043627298437058926,0.008973779678241579,0.007759165913562335,0.004611049834535686,0.0033964360698564428,-0.0012146137646792433,117.0,156.0
P3S_B024,0.3,1.2221029464853927e-05,0.00018629199417625683,-0.00044584061801639444,0.0001740709647114029,0.00045806164748124836,-0.0006321326121926513,11.0,170.0
P3S_B024,0.3,0.0027599246241152287,0.00454799768618197,0.0008010205063714998,0.0017880730620667418,0.001958904117743729,-0.0037469771798104706,80.0,106.0
P3S_B024,0.3,0.002819515997543931,-0.0017873082486483463,0.0027320632544769845,0.004606824246192277,8.745274306694653e-05,0.004519371503125331,81.0,241.0
P3S_B024,0.5,0.031140530481934547,0.03169859111309397,0.06629039233167483,0.0005580606311594224,0.03514986184974028,0.03459180121858086,183.0,301.0
P3S_B024,0.5,0.008267446421086788,0.032647444914909576,0.012662959765891164,0.024379998493822788,0.004395513344804376,-0.019984485149018412,65.0,39.0
P3S_B024,0.5,0.0010112944291904569,0.022022319545771725,0.002406054832089017,0.021011025116581268,0.00139476040289856,-0.019616264713682708,19.0,42.0
P3S_B024,0.5,0.003462367458269,0.024970113783525205,0.024017222558371323,0.021507746325256205,0.020554855100102323,-0.0009528912251538825,37.0,178.0
P3S_B024,0.5,0.012397709302604198,0.015723411802379916,0.02260743775263882,0.003325702499775717,0.010209728450034622,0.006884025950258905,88.0,218.0
P3S_B024,0.5,3.930974344257265e-06,0.015723411802379916,0.0016273638012420447,0.01571948082803566,0.0016234328268977874,-0.014096048001137871,5.0,88.0
P3S_B024,0.5,0.012042446061968803,0.022853530350762107,0.01677092750508702,0.010811084288793304,0.004728481443118215,-0.0060826028456750884,87.0,145.0
P3S_B024,0.5,0.01386178843677044,0.03896261322437661,0.039046587667175364,0.02510082478760617,0.025184799230404925,8.397444279875654e-05,97.0,181.0
P3S_B025,0.3,0.05010164901614189,0.03010106864561691,0.034405841562188746,0.020000580370524983,0.015695807453953145,0.004304772916571838,319.0,240.0
P3S_B025,0.3,0.007494738791137934,0.007355369113322737,0.007602090295538096,0.00013936967781519663,0.00010735150440016258,0.0002467211822153592,165.0,179.0
P3S_B025,0.3,0.03405807167291641,0.008400605872374385,0.028403682184084386,0.025657465800542026,0.005654389488832026,0.02000307631171,308.0,317.0
P3S_B025,0.3,0.0023398136254400015,-4.6564813737291766e-05,0.0013873799851702416,0.0023863784391772933,0.0009524336402697599,0.0014339447989075334,70.0,201.0
P3S_B025,0.3,0.024487286806106567,0.009594981248640666,0.01787312508111425,0.014892305557465901,0.0066141617249923165,0.008278143832473585,289.0,284.0
P3S_B025,0.3,0.003471643663942814,0.01240849493466314,0.005948571659119042,0.008936851270720325,0.002476927995176228,-0.006459923275544097,95.0,58.0
P3S_B025,0.3,0.019541388377547264,0.00962230017850349,0.015806232789129154,0.009919088199043774,0.00373515558841811,0.006183932610625664,266.0,262.0
P3S_B025,0.3,0.013385698199272156,0.004121848131828063,0.004466728776716687,0.009263850067444093,0.008918969422555469,0.00034488064488862394,225.0,183.0
P3S_B025,0.5,0.009889982640743256,0.02272635363059821,0.004879274089356761,0.012836370989854955,0.005010708551386495,-0.01784707954124145,70.0,58.0
P3S_B025,0.5,0.0762808695435524,0.030845707343763663,0.06372888214015504,0.045435162199788735,0.012551987403397358,0.03288317479639138,302.0,300.0
P3S_B025,0.5,0.007587726693600416,0.020774606863716464,0.0009234756834275541,0.013186880170116048,0.006664251010172862,-0.01985113118028891,61.0,40.0
P3S_B025,0.5,0.04106120020151138,0.027476319747240262,0.034702121872397046,0.013584880454271121,0.006359078329114337,0.007225802125156784,231.0,221.0
P3S_B025,0.5,0.036237191408872604,0.02599693250518287,0.041211384801364215,0.010240258903689733,0.00497419339249161,0.015214452296181343,209.0,256.0
P3S_B025,0.5,0.033256370574235916,0.030883376462370958,0.029585745706663284,0.002372994111864958,0.0036706248675726326,-0.0012976307557076745,197.0,173.0
P3S_B025,0.5,0.02190835028886795,0.04177786098086729,0.024453744668841593,0.01986951069199934,0.0025453943799736423,-0.017324116312025697,131.0,63.0
P3S_B025,0.5,0.025192691013216972,0.027019908844267065,0.017153454646599606,0.0018272178310500924,0.008039236366617367,-0.009866454197667459,152.0,125.0
P3S_B026,0.3,0.02690736949443817,0.011075721972647598,0.018621015223809743,0.015831647521790573,0.008286354270628429,0.007545293251162145,300.0,276.0
P3S_B026,0.3,0.015317963436245918,0.013588212044964833,0.012256252957611447,0.0017297513912810855,0.003061710478634471,-0.0013319590873533856,242.0,153.0
P3S_B026,0.3,0.008017368614673615,0.010472476541729446,0.005154658481745955,0.002455107927055831,0.0028627101329276594,-0.005317818059983491,173.0,77.0
P3S_B026,0.3,0.006741418968886137,0.016719477582403,0.016977110532913817,0.009978058613516864,0.01023569156402768,0.0002576329505108166,156.0,181.0
P3S_B026,0.3,0.002324668923392892,0.015645253272956055,0.0071467114961211685,0.013320584349563163,0.004822042572728277,-0.008498541776834886,69.0,30.0
P3S_B026,0.3,0.016183724626898766,0.01172273447983527,0.012091608602538387,0.004460990147063495,0.004092116024360378,0.0003688741227031167,246.0,184.0
P3S_B026,0.3,0.00561913289129734,0.02127418665463683,0.007460839224132898,0.01565505376333949,0.001841706332835558,-0.013813347430503933,148.0,3.0
P3S_B026,0.3,0.005126883275806904,0.006804405844881662,0.00852481430956374,0.0016775225690747585,0.0033979310337568357,0.0017204084646820772,133.0,202.0
P3S_B026,0.5,0.04616841301321983,0.034841154970245015,0.03819996680792903,0.011327258042974818,0.007968446205290802,0.0033588118376840156,246.0,199.0
P3S_B026,0.5,0.012411604635417461,0.023268560023551668,0.004963306457585703,0.010856955388134207,0.007448298177831759,-0.018305253565965966,89.0,50.0
P3S_B026,0.5,0.028498928993940353,0.03630144409385222,0.027324088564533555,0.007802515099911866,0.0011748404294067982,-0.008977355529318665,169.0,130.0
P3S_B026,0.5,0.03795915096998215,0.028079893032661604,0.03127574598756487,0.009879257937320543,0.006683404982417276,0.0031958529549032666,218.0,197.0
P3S_B026,0.5,0.010471522808074951,0.03186443543242215,0.014564442862114124,0.0213929126243472,0.004092920054039172,-0.017299992570308027,76.0,64.0
P3S_B026,0.5,0.03276420757174492,0.03982658152410881,0.028028418381679906,0.007062373952363893,0.004735789190065013,-0.011798163142428906,196.0,110.0
P3S_B026,0.5,0.052725911140441895,0.02858449090937664,0.04476691614725238,0.024141420231065254,0.007958994993189514,0.01618242523787574,264.0,262.0
P3S_B026,0.5,0.03574246168136597,0.02995261555310554,0.0224100104475081,0.005789846128260428,0.013332451233857866,-0.007542605105597438,206.0,139.0
P3S_B027,0.3,0.026028495281934738,0.013782687003181093,0.019793261282500006,0.012245808278753646,0.006235233999434733,0.006010574279318913,294.0,259.0
P3S_B027,0.3,0.0033519857097417116,0.009842409059629718,0.006053880619924394,0.006490423349888006,0.0027018949101826825,-0.0037885284397053236,92.0,104.0
P3S_B027,0.3,0.03007705695927143,0.01620527700719869,0.016341895184065227,0.01387177995207274,0.013735161775206204,0.00013661817686653685,305.0,178.0
P3S_B027,0.3,0.007974362000823021,0.01693862326322025,0.011766068834099547,0.00896426126239723,0.0037917068332765265,-0.005172554429120704,172.0,79.0
P3S_B027,0.3,0.00036098601412959397,0.018781882906809322,0.006617720913782776,0.018420896892679728,0.006256734899653182,-0.012164161993026546,24.0,8.0
P3S_B027,0.3,0.02688870020210743,0.007596853206357269,0.014015903994601772,0.01929184699575016,0.012872796207505657,0.0064190507882445035,299.0,265.0
P3S_B027,0.3,0.052678242325782776,0.013229690335842266,0.02668196885602392,0.03944855198994051,0.025996273469758857,0.013452278520181653,320.0,308.0
P3S_B027,0.3,0.012391057796776295,0.002671187637502948,0.005321311163944428,0.009719870159273346,0.007069746632831867,0.0026501235264414797,215.0,219.0
P3S_B027,0.5,0.0614938847720623,0.03684513725793952,0.02341045134420877,0.024648747514122785,0.03808343342785353,-0.013434685913730746,286.0,94.0
P3S_B027,0.5,0.02355295792222023,0.028782772985393286,0.04045581919703865,0.005229815063173056,0.016902861274818423,0.011673046211645367,141.0,239.0
P3S_B027,0.5,0.10562697052955627,0.040306196151770515,0.06356727590406158,0.06532077437778576,0.04205969462549469,0.023261079752291067,315.0,281.0
P3S_B027,0.5,0.12594610452651978,0.03214775403396514,0.08212333440447853,0.09379835049255464,0.04382277012204125,0.04997558037051339,320.0,313.0
P3S_B027,0.5,0.030222080647945404,0.027024388480769546,0.025153757245113362,0.0031976921671758585,0.005068323402832042,-0.0018706312356561831,177.0,168.0
P3S_B027,0.5,0.05641644075512886,0.03372368559486682,0.04019593962136629,0.02269275516026204,0.01622050113376257,0.006472254026499473,273.0,217.0
P3S_B027,0.5,0.0791957825422287,0.03259351379153821,0.05665329691664166,0.04660226875069049,0.02254248562558704,0.02405978312510345,305.0,286.0
P3S_B027,0.5,0.03178056702017784,0.03511574215883624,0.03178935597891222,0.0033351751386584,8.788958734379237e-06,-0.0033263861799240207,187.0,165.0
P3S_B028,0.3,0.009229197166860104,0.009708456541980033,0.012287235764755582,0.00047925937511992915,0.0030580385978954787,0.0025787792227755495,184.0,218.0
P3S_B028,0.3,0.0018492569215595722,0.016600073075880156,0.00534819537817716,0.014750816154320584,0.0034989384566175875,-0.011251877697702996,57.0,12.0
P3S_B028,0.3,0.011358654126524925,0.015940950804531322,0.013227977278394917,0.004582296678006397,0.0018693231518699914,-0.0027129735261364057,201.0,127.0
P3S_B028,0.3,0.007054527290165424,0.016132013942491318,0.006822606006946414,0.009077486652325894,0.00023192128321901026,-0.009309407935544904,161.0,25.0
P3S_B028,0.3,0.017750557512044907,0.017606775997541048,0.009792403873644448,0.00014378151450385873,0.007958153638400458,-0.0078143721238966,254.0,36.0
P3S_B028,0.3,0.0035758467856794596,0.0009659508278671396,0.0012179513887830562,0.00260989595781232,0.0023578953968964034,0.00025200056091591663,97.0,180.0
P3S_B028,0.3,0.01352604664862156,0.010484615379718723,0.016239507203548855,0.0030414312689028365,0.002713460554927296,0.005754891823830132,228.0,256.0
P3S_B028,0.3,0.0029760338366031647,0.011234075831059297,0.0049384566535933885,0.008258041994456133,0.001962422816990224,-0.006295619177465909,87.0,61.0
P3S_B028,0.5,0.028586622327566147,0.0414086512233956,0.03249020925762694,0.012822028895829451,0.003903586930060793,-0.008918441965768659,170.0,132.0
P3S_B028,0.5,0.023666534572839737,0.036802748477356484,0.02809207742849071,0.013136213904516747,0.004425542855650975,-0.008710671048865772,142.0,135.0
P3S_B028,0.5,0.014906025491654873,0.040439958410899327,0.02226472343113078,0.025533932919244454,0.007358697939475908,-0.018175234979768546,104.0,54.0
P3S_B028,0.5,0.018883507698774338,0.030703191464733083,0.027062215564460663,0.011819683765958745,0.008178707865686325,-0.0036409759002724203,124.0,162.0
P3S_B028,0.5,0.02542971633374691,0.036434459629312174,0.03244159063394471,0.011004743295565264,0.0070118743001977984,-0.003992868995367466,153.0,160.0
P3S_B028,0.5,0.027198022231459618,0.03138941659388266,0.036992106150079154,0.004191394362423044,0.009794083918619537,0.005602689556196493,163.0,211.0
P3S_B028,0.5,0.0273312795907259,0.027053175319413317,0.033056783079469784,0.0002781042713125813,0.0057255034887438855,0.006003607760056467,164.0,212.0
P3S_B028,0.5,0.05908522382378578,0.030757162413930665,0.07582541360519698,0.028328061409855117,0.016740189781411202,0.04506825119126632,280.0,309.0
P3S_B029,0.3,0.01690276525914669,0.01727952494303816,0.018652139340552768,0.0003767596838914686,0.0017493740814060778,0.0013726143975146092,248.0,200.0
P3S_B029,0.3,0.020103542134165764,0.015964907183078355,0.029559374169284065,0.004138634951087409,0.009455832035118301,0.01359446698620571,268.0,309.0
P3S_B029,0.3,0.0024246873799711466,0.0029212036752764604,0.009635477135874636,0.0004965162953053139,0.0072107897559034895,0.006714273460598176,73.0,268.0
P3S_B029,0.3,0.003854354377835989,0.007009835442636199,0.003807637558848005,0.0031554810648002102,4.67168189879838e-05,-0.003202197883788194,105.0,115.0
P3S_B029,0.3,0.012819831259548664,0.02062420727884349,0.01253588552549866,0.0078043760192948244,0.0002839457340500038,-0.008088321753344828,220.0,34.0
P3S_B029,0.3,0.003444358706474304,0.017195552712503285,0.014983304458472627,0.01375119400602898,0.011538945751998323,-0.0022122482540306576,94.0,139.0
P3S_B029,0.3,0.0015539354644715786,0.014909018732895827,0.005849415549727673,0.013355083268424248,0.004295480085256095,-0.009059603183168154,48.0,26.0
P3S_B029,0.3,0.016010679304599762,0.020207865759269614,0.015240182736882043,0.0041971864546698524,0.000770496567717719,-0.0049676830223875715,245.0,84.0
P3S_B029,0.5,0.048697106540203094,0.026553710718771405,0.056905352162167674,0.02214339582143169,0.00820824562196458,0.03035164144339627,253.0,297.0
P3S_B029,0.5,0.01116987969726324,0.03405120060645674,0.029648662902083553,0.022881320909193502,0.018478783204820312,-0.00440253770437319,81.0,157.0
P3S_B029,0.5,0.06203345209360123,0.03291616546304217,0.07063275650097582,0.029117286630559056,0.008599304407374594,0.03771659103793365,288.0,305.0
P3S_B029,0.5,0.04095137119293213,0.04190001943832357,0.05369694108618652,0.0009486482453914397,0.012745569893254392,0.011796921647862953,230.0,241.0
P3S_B029,0.5,0.059039488434791565,0.026553710718771405,0.05018458024425321,0.03248577771602016,0.008854908190538358,0.023630869525481803,279.0,283.0
P3S_B029,0.5,0.07314223051071167,0.02165373884746854,0.07324950134652723,0.05148849166324313,0.00010727083581556218,0.051595762499058694,299.0,317.0
P3S_B029,0.5,0.08282673358917236,0.031292414486038936,0.08176857612810384,0.05153431910313343,0.0010581574610685207,0.05047616164206491,309.0,316.0
P3S_B029,0.5,0.0021121252793818712,0.03045376451926066,0.01304988782681017,0.02834163923987879,0.010937762547428299,-0.01740387669245049,24.0,61.0
P3S_B030,0.3,0.009462501853704453,0.016154128511031908,0.006298117064180729,0.0066916266573274555,0.0031643847895237234,-0.009856011446851179,186.0,18.0
P3S_B030,0.3,0.0017828327836468816,0.018591153917223914,0.007963561665482509,0.016808321133577032,0.006180728881835627,-0.010627592251741405,56.0,14.0
P3S_B030,0.3,0.00991384219378233,0.0034753883984372444,0.001558660453973626,0.006438453795345085,0.008355181739808704,-0.0019167279444636184,190.0,142.0
P3S_B030,0.3,0.021780405193567276,0.01723710224533567,0.01429768569734824,0.004543302948231607,0.007482719496219035,-0.0029394165479874283,277.0,121.0
P3S_B030,0.3,0.014385414309799671,0.0034753883984372444,0.008856825582999103,0.010910025911362427,0.005528588726800569,0.005381437184561858,235.0,249.0
P3S_B030,0.3,0.0262751467525959,0.021297867679303743,0.022195314262427653,0.004977279073292158,0.004079832490168248,0.0008974465831239099,295.0,190.0
P3S_B030,0.3,0.01453158725053072,0.0049400193338940915,0.013611942463380168,0.009591567916636628,0.000919644787150552,0.008671923129486076,237.0,287.0
P3S_B030,0.3,0.01926276460289955,0.007334246293183445,0.021687671636604424,0.011928518309716106,0.0024249070337048727,0.014353425343420979,262.0,311.0
P3S_B030,0.5,0.03959501534700394,0.03770258233410162,0.023330848669821366,0.001892433012902317,0.01626416667718257,-0.014371733664280253,223.0,84.0
P3S_B030,0.5,0.042083173990249634,0.026903466333775307,0.023826299032685076,0.015179707656474327,0.018256874957564558,-0.0030771673010902313,233.0,166.0
P3S_B030,0.5,0.08712009340524673,0.02479135577916417,0.09394579005308068,0.06232873762608256,0.006825696647833945,0.06915443427391652,313.0,320.0
P3S_B030,0.5,0.04224598780274391,0.03018469029436269,0.04241857679588479,0.012061297508381221,0.0001725889931408764,0.012233886501522098,234.0,242.0
P3S_B030,0.5,0.004684462212026119,0.024222301477669458,0.005792126846690591,0.01953783926564334,0.0011076646346644715,-0.018430174630978867,48.0,49.0
P3S_B030,0.5,0.06429082155227661,0.024243361453734416,0.04816520935467145,0.040047460098542195,0.01612561219760516,0.023921847900937036,291.0,285.0
P3S_B030,0.5,0.005851475987583399,0.023265923388586556,0.0030163696883143756,0.017414447401003157,0.002835106299269023,-0.02024955370027218,53.0,37.0
P3S_B030,0.5,0.0036729604471474886,0.022962330470061337,0.009308806997075545,0.019289370022913848,0.005635846549928056,-0.013653523472985792,38.0,92.0
P3S_B031,0.3,0.018175186589360237,0.004143618743346716,0.009732417791446634,0.014031567846013521,0.008442768797913603,0.005588799048099918,255.0,253.0
P3S_B031,0.3,0.017445819452404976,0.006494277292502237,0.014342778262831948,0.010951542159902738,0.0031030411895730282,0.00784850097032971,251.0,279.0
P3S_B031,0.3,0.007283358834683895,0.008951369767147005,0.00720713315997434,0.0016680109324631095,7.62256747095548e-05,-0.0017442366071726643,162.0,144.0
P3S_B031,0.3,0.02865968644618988,0.011752790575647671,0.022781277974130227,0.01690689587054221,0.005878408472059653,0.011028487398482556,303.0,298.0
P3S_B031,0.3,0.02631509304046631,0.013431787477755109,0.02013283687909512,0.0128833055627112,0.006182256161371188,0.006701049401340012,297.0,267.0
P3S_B031,0.3,0.009161475114524364,0.004898851916824751,0.006069764509881351,0.004262623197699614,0.0030917106046430137,0.0011709125930566,182.0,196.0
P3S_B031,0.3,0.010295973159372807,0.006494277292502237,0.0083061657679355,0.003801695866870569,0.001989807391437306,0.0018118884754332633,193.0,204.0
P3S_B031,0.3,0.019410835579037666,0.015195946841840155,0.017304689314260158,0.004214888737197511,0.0021061462647775087,0.0021087424724200027,264.0,212.0
P3S_B031,0.5,0.055882178246974945,0.022482335694358403,0.05270992613880988,0.03339984255261654,0.0031722521081650676,0.030227590444451474,271.0,296.0
P3S_B031,0.5,0.010001108981668949,0.03715358147689128,0.012502424770905978,0.027152472495222332,0.0025013157892370286,-0.024651156705985305,71.0,9.0
P3S_B031,0.5,0.046255894005298615,0.027047967058775813,0.03444400274188652,0.0192079269465228,0.011811891263412096,0.007396035683110706,247.0,222.0
P3S_B031,0.5,0.024991245940327644,0.029598813424957057,0.019020252564512435,0.004607567484629413,0.00597099337581521,-0.010578560860444623,149.0,120.0
P3S_B031,0.5,0.00616400595754385,0.03476932384442338,0.017433217794956556,0.028605317886879533,0.011269211837412706,-0.017336106049466827,55.0,62.0
P3S_B031,0.5,0.06785047054290771,0.03410940885943005,0.05407006524314882,0.033741061683477666,0.013780405299758894,0.019960656383718772,294.0,272.0
P3S_B031,0.5,0.013192609883844852,0.023149481568062617,0.004981247721650714,0.009956871684217765,0.008211362162194138,-0.018168233846411905,94.0,56.0
P3S_B031,0.5,0.023272491991519928,0.03837375895131277,0.02069826728205705,0.015101266959792845,0.0025742247094628773,-0.017675491669255722,140.0,59.0
P3S_B032,0.3,0.00662332633510232,0.011422217675246597,0.0039966101625150095,0.004798891340144277,0.00262671617258731,-0.007425607512731587,155.0,44.0
P3S_B032,0.3,0.004008403047919273,0.006517130414187812,0.00570466734544983,0.0025087273662685386,0.001696264297530557,-0.0008124630687379817,108.0,165.0
P3S_B032,0.3,0.019511330872774124,0.002357637421462739,0.016536114702579423,0.017153693451311385,0.0029752161701947014,0.014178477281116684,265.0,310.0
P3S_B032,0.3,0.006588080897927284,0.01248309019742568,0.014299904261681748,0.005895009299498396,0.007711823363754464,0.0018168140642560674,153.0,205.0
P3S_B032,0.3,0.005155114457011223,0.009203216669808941,0.008423762381972049,0.004048102212797718,0.003268647924960826,-0.0007794542878368921,134.0,166.0
P3S_B032,0.3,0.00441313348710537,0.012339778974718945,0.010080412543132734,0.007926645487613576,0.005667279056027364,-0.0022593664315862117,118.0,137.0
P3S_B032,0.3,0.004311557859182358,0.01062262272550771,0.0036870700412934033,0.006311064866325352,0.0006244878178889544,-0.006935552684214306,116.0,52.0
P3S_B032,0.3,0.0022073001600801945,-0.0030152808763209797,0.0003410872576544398,0.005222581036401174,0.0018662129024257547,0.0033563681339754195,65.0,229.0
P3S_B032,0.5,5.887580982744112e-07,0.014791745970849686,-0.0003420815267010553,0.014791157212751411,0.00034267028479932973,-0.015133827497550741,3.0,79.0
P3S_B032,0.5,0.015783734619617462,0.024782662570836275,0.028214134629651878,0.008998927951218812,0.012430400010034415,0.003431472058815603,109.0,200.0
P3S_B032,0.5,0.03721851855516434,0.02827114642867929,0.03707401981784256,0.008947372126485047,0.00014449873732177987,0.008802873389163267,216.0,229.0
P3S_B032,0.5,0.01639125868678093,0.026072028888641074,0.024872813821586074,0.009680770201860145,0.008481555134805144,-0.0011992150670550004,114.0,175.0
P3S_B032,0.5,0.025026477873325348,0.03030658689370486,0.047544235721444006,0.005280109020379512,0.022517757848118658,0.017237648827739146,151.0,266.0
P3S_B032,0.5,0.014863122254610062,0.022474473547925766,0.03153796112324503,0.007611351293315704,0.016674838868634967,0.009063487575319263,102.0,232.0
P3S_B032,0.5,0.05878789722919464,0.03369842413000068,0.09483158578260246,0.02508947309919396,0.036043688553407824,0.061133161652601783,278.0,319.0
P3S_B032,0.5,0.0007354540284723043,0.02365597881121958,0.0026488301666117466,0.022920524782747274,0.0019133761381394422,-0.021007148644607832,16.0,35.0
P3S_B033,0.3,0.01575501449406147,0.005581535138642773,0.016253803046911586,0.010173479355418697,0.0004987885528501164,0.010672267908268813,243.0,295.0
P3S_B033,0.3,0.005261466838419437,0.005461492088555491,0.0027269920293810056,0.00020002525013605374,0.002534474809038432,-0.0027345000591744856,138.0,124.0
P3S_B033,0.3,0.0075599998235702515,0.011241039064398054,0.0034838076600657054,0.0036810392408278027,0.004076192163504546,-0.007757231404332349,168.0,38.0
P3S_B033,0.3,0.0048403204418718815,0.01221673897823817,0.004755122388618745,0.007376418536366289,8.519805325313615e-05,-0.007461616589619425,126.0,42.0
P3S_B033,0.3,0.012886708602309227,0.008726532576008245,0.005544227133117342,0.004160176026300982,0.007342481469191885,-0.0031823054428909026,223.0,116.0
P3S_B033,0.3,0.004280518740415573,0.007746471061770361,0.002625659637856388,0.003465952321354788,0.001654859102559185,-0.005120811423913973,115.0,81.0
P3S_B033,0.3,0.0036985145416110754,0.0030640030247914007,0.0007740764050530209,0.0006345115168196747,0.0029244381365580545,-0.00228992661973838,101.0,136.0
P3S_B033,0.3,0.00524398498237133,0.005302863443248337,0.0022284348941256846,5.887846087700675e-05,0.0030155500882456457,-0.0030744285491226524,137.0,120.0
P3S_B033,0.5,0.0007492795120924711,0.027547279279641193,0.003939748390977729,0.026797999767548722,0.003190468878885258,-0.023607530888663464,17.0,16.0
P3S_B033,0.5,0.0309634767472744,0.027800540830535556,0.031733138631658914,0.0031629359167388432,0.0007696618843845149,0.003932597801123358,182.0,202.0
P3S_B033,0.5,0.04851879924535751,0.043012103225824154,0.04395406745532435,0.0055066960195333595,0.004564731790033166,0.0009419642295001932,252.0,186.0
P3S_B033,0.5,0.03906646743416786,0.034810749874677596,0.05327605514596673,0.004255717559490266,0.014209587711798866,0.01846530527128913,222.0,269.0
P3S_B033,0.5,0.02264915592968464,0.033392461737996114,0.02409267969984558,0.010743305808311475,0.0014435237701609406,-0.009299782038150534,137.0,127.0
P3S_B033,0.5,0.03167467936873436,0.03595009182423725,0.03160220305424694,0.004275412455502892,7.247631448741715e-05,-0.004347888769990309,186.0,158.0
P3S_B033,0.5,0.015278900973498821,0.044278919426868665,0.01354331866765949,0.029000018453369844,0.0017355823058393307,-0.030735600759209177,108.0,2.0
P3S_B033,0.5,0.05358915030956268,0.03227385874121743,0.046816696969015685,0.021315291568345253,0.006772453340546998,0.014542838227798255,267.0,254.0
P3S_B034,0.3,0.002897013444453478,0.008452316122719947,0.002667377709218488,0.005555302678266469,0.0002296357352349898,-0.005784938413501459,84.0,69.0
P3S_B034,0.3,0.01449903566390276,0.013642257160742657,0.01300808452134685,0.0008567785031601029,0.0014909511425559088,-0.000634172639395806,236.0,169.0
P3S_B034,0.3,0.004902494139969349,0.01151661044217004,0.008370879958124675,0.006614116302200691,0.0034683858181553257,-0.0031457304840453656,127.0,117.0
P3S_B034,0.3,0.009498422034084797,0.011688634337347122,0.00546603375745533,0.0021902123032623254,0.004032388276629467,-0.006222600579891793,187.0,62.0
P3S_B034,0.3,0.021619101986289024,0.028524977013843475,0.027889970984236904,0.006905875027554451,0.0062708689979478795,-0.0006350060296065711,274.0,168.0
P3S_B034,0.3,0.011123264208436012,0.021151635163428748,0.0115279758216295,0.010028370954992736,0.0004047116131934876,-0.009623659341799248,200.0,20.0
P3S_B034,0.3,0.010433416813611984,0.01458109485183863,0.004992526908926105,0.004147678038226646,0.005440889904685879,-0.009588567942912525,194.0,22.0
P3S_B034,0.3,0.0031476912554353476,0.00577216989108632,0.0029642370451973196,0.0026244786356509724,0.00018345421023802794,-0.0028079328458890003,91.0,122.0
P3S_B034,0.5,0.060210827738046646,0.03240951713815586,0.05769817716388975,0.027801310599890786,0.002512650574156894,0.02528866002573389,282.0,288.0
P3S_B034,0.5,0.07545658200979233,0.028571840923550806,0.07197033499093858,0.04688474108624152,0.0034862470188537498,0.04339849406738777,301.0,308.0
P3S_B034,0.5,0.02805003523826599,0.03942324882001727,0.027097426780378946,0.01137321358175128,0.0009526084578870449,-0.012325822039638324,168.0,103.0
P3S_B034,0.5,0.04729171097278595,0.03409712997948934,0.04828832975150419,0.013194580993296609,0.0009966187787182404,0.01419119977201485,249.0,253.0
P3S_B034,0.5,0.040501873940229416,0.03676452117494758,0.05253475039684955,0.0037373527652818372,0.012032876456620135,0.015770229221901973,226.0,261.0
P3S_B034,0.5,0.02753092721104622,0.03365477111391053,0.02437084586591477,0.006123843902864308,0.00316008134513145,-0.009283925247995758,166.0,128.0
P3S_B034,0.5,0.0020978772081434727,0.02738901577616562,0.004662352381151792,0.025291138568022148,0.0025644751730083196,-0.02272666339501383,23.0,21.0
P3S_B034,0.5,0.0014830550644546747,0.02854013257046418,0.004702539069936375,0.027057077506009504,0.0032194840054817,-0.023837593500527804,20.0,15.0
P3S_B035,0.3,0.018597565591335297,0.0012268638266195245,0.004737185679173663,0.017370701764715772,0.013860379912161633,0.0035103218525541387,259.0,230.0
P3S_B035,0.3,0.025339089334011078,0.004405508909886547,0.01249481602136157,0.02093358042412453,0.012844273312649509,0.008089307111475022,290.0,281.0
P3S_B035,0.3,0.00034966267412528396,0.01649772594459941,0.007453303813769692,0.016148063270474126,0.007103641139644408,-0.009044422130829718,23.0,27.0
P3S_B035,0.3,0.0006818402325734496,0.0014514460688661232,0.0019896803408507857,0.0007696058362926736,0.001307840108277336,0.0005382342719846625,30.0,187.0
P3S_B035,0.3,0.0011334777809679508,0.009295494582876315,0.008351284069106327,0.008162016801908364,0.007217806288138376,-0.0009442105137699875,42.0,162.0
P3S_B035,0.3,0.015253940597176552,0.01729004879394427,0.012669815053606329,0.0020361081967677185,0.002584125543570223,-0.004620233740337942,239.0,91.0
P3S_B035,0.3,0.008785024285316467,0.006851717942961228,0.007438528362157269,0.0019333063423552389,0.001346495923159198,0.0005868104191960408,179.0,188.0
P3S_B035,0.3,0.0003161506028845906,0.0014621175457526815,1.2684686833460551e-05,0.001145966942868091,0.0003034659160511301,-0.001449432858919221,22.0,151.0
P3S_B035,0.5,0.02101772092282772,0.025653246809738475,0.02646893304718586,0.004635525886910755,0.005451212124358139,0.0008156862374473842,127.0,184.0
P3S_B035,0.5,0.00031489896355196834,0.01105182701778354,-0.0012354979107904382,0.010736928054231572,0.0015503968743424065,-0.012287324928573979,14.0,104.0
P3S_B035,0.5,0.008187598548829556,0.04235029041222549,0.01660252797945948,0.03416269186339593,0.008414929430629926,-0.025747762432766007,64.0,4.0
P3S_B035,0.5,6.681572267552838e-05,0.0182424298584169,0.006085796801778915,0.018175614135741373,0.006018981079103387,-0.012156633056637986,11.0,105.0
P3S_B035,0.5,0.02623259834945202,0.025340522757782837,0.019367213922495234,0.0008920755916691815,0.006865384426956785,-0.005973308835287603,157.0,147.0
P3S_B035,0.5,0.06004468351602554,0.02644679468565507,0.04659892538797252,0.03359788883037047,0.013445758128053022,0.02015213070231745,281.0,274.0
P3S_B035,0.5,0.04424787685275078,0.03031603740465687,0.04286669972751919,0.013931839448093907,0.0013811771252315863,0.01255066232286232,242.0,245.0
P3S_B035,0.5,0.002976873656734824,0.024710034345768454,0.008750028467196979,0.02173316068903363,0.005773154810462155,-0.015960005878571475,30.0,75.0
P3S_B036,0.3,0.005265526007860899,0.014963818202149565,0.004463543644775778,0.009698292194288666,0.0008019823630851207,-0.010500274557373786,139.0,15.0
P3S_B036,0.3,0.03945230692625046,0.006226157945354889,0.019435522412361243,0.03322614898089557,0.020016784513889215,0.013209364467006353,315.0,306.0
P3S_B036,0.3,0.013747220858931541,0.011695213834670213,0.008293454041274819,0.002052007024261329,0.005453766817656722,-0.0034017597933953935,229.0,112.0
P3S_B036,0.3,0.041816238313913345,0.009479970960472029,0.021359106593733954,0.03233626735344132,0.020457131720179392,0.011879135633261925,317.0,300.0
P3S_B036,0.3,0.0010724796447902918,0.013257636654296879,0.004570787547208825,0.012185157009506587,0.003498307902418533,-0.008686849107088054,41.0,29.0
P3S_B036,0.3,0.007544877473264933,0.01863594252320928,0.007915028488033923,0.011091065049944348,0.0003701510147689907,-0.010720914035175357,166.0,13.0
P3S_B036,0.3,0.023083344101905823,0.007613625612218896,0.011317563337095736,0.015469718489686927,0.011765780764810087,0.00370393772487684,284.0,231.0
P3S_B036,0.3,0.02549271285533905,0.008516169889151276,0.01073740754206503,0.016976542966187773,0.014755305313274021,0.0022212376529137535,291.0,216.0
P3S_B036,0.5,0.030676577240228653,0.031803384945598485,0.020196252205525626,0.0011268077053698325,0.010480325034703027,-0.01160713274007286,179.0,112.0
P3S_B036,0.5,0.043945230543613434,0.03648856325367995,0.03218626313893032,0.007456667289933487,0.011758967404683116,-0.004302300114749628,240.0,159.0
P3S_B036,0.5,0.05115196481347084,0.025381897318134644,0.03300091639122875,0.025770067495336196,0.01815104842224209,0.007619019073094105,261.0,224.0
P3S_B036,0.5,0.11667700111865997,0.03540644391978223,0.06496795924298732,0.08127055719887774,0.05170904187567266,0.029561515323205084,319.0,295.0
P3S_B036,0.5,0.049981340765953064,0.028975408455645182,0.017289334890766433,0.02100593231030788,0.03269200587518663,-0.01168607356487875,257.0,111.0
P3S_B036,0.5,0.11173698306083679,0.024688489307694843,0.05279668677231904,0.08704849375314194,0.058940296288517754,0.028108197464624195,317.0,294.0
P3S_B036,0.5,0.05113280564546585,0.03428612478391504,0.034893272617150264,0.016846680861550813,0.016239533028315586,0.0006071478332352262,260.0,183.0
P3S_B036,0.5,0.1011294424533844,0.02678703564840372,0.05461274801766403,0.07434240680498068,0.04651669443572037,0.027825712369260312,314.0,293.0
P3S_B037,0.3,0.00016896934539545327,0.004111815769340315,0.0009788137805731949,0.003942846423944862,0.0008098444351777416,-0.00313300198876712,19.0,118.0
P3S_B037,0.3,7.532300060120178e-06,0.00804795278571085,0.0024967661588610017,0.00804042048565073,0.0024892338588008815,-0.005551186626849848,9.0,74.0
P3S_B037,0.3,0.0016284012235701084,-0.0038569881783734328,0.0045628051018718405,0.005485389401943541,0.002934403878301732,0.008419793280245273,52.0,285.0
P3S_B037,0.3,0.0008598797721788287,0.011834314720368569,0.00823836139351766,0.01097443494818974,0.007378481621338832,-0.003595953326850908,34.0,107.0
P3S_B037,0.3,2.605522604426369e-05,-0.005012985959367451,0.003189103748194158,0.005039041185411715,0.0031630485221498944,0.00820208970756161,14.0,283.0
P3S_B037,0.3,3.0410028557525948e-06,-0.005012985959367451,-0.0021180358647061685,0.005016026962223204,0.002121076867561921,0.0028949500946612826,6.0,222.0
P3S_B037,0.3,3.2676300179446116e-05,0.005198723917193834,0.0024794291544915116,0.0051660476170143875,0.0024467528543120655,-0.002719294762702322,15.0,125.0
P3S_B037,0.3,0.012632179073989391,0.004475035661156174,0.01366388769676006,0.008157143412833218,0.0010317086227706693,0.009188852035603887,218.0,291.0
P3S_B037,0.5,0.0016218203818425536,0.025205993549510548,0.012349517795888188,0.023584173167667994,0.010727697414045634,-0.01285647575362236,22.0,98.0
P3S_B037,0.5,0.006291931960731745,0.02463054799201067,0.023168188322376597,0.018338616031278926,0.016876256361644852,-0.0014623596696340738,56.0,172.0
P3S_B037,0.5,0.00411898223683238,0.020668775310981324,0.02216643073230222,0.016549793074148944,0.01804744849546984,0.0014976554213208954,42.0,190.0
P3S_B037,0.5,0.0034385696053504944,0.023884014214147615,0.005612442822061414,0.02044544460879712,0.00217387321671092,-0.0182715713920862,36.0,51.0
P3S_B037,0.5,3.9672090679232497e-07,0.019540496514853255,0.0005604185559851399,0.019540099793946462,0.0005600218350783476,-0.018980077958868115,1.0,46.0
P3S_B037,0.5,2.2006370272720233e-06,0.01802754962441304,0.0001125993449498687,0.018025348987385767,0.00011039870792259668,-0.01791495027946317,4.0,57.0
P3S_B037,0.5,0.0032196836546063423,0.026184626110008942,0.011879070862027713,0.0229649424554026,0.008659387207421371,-0.014305555247981229,32.0,85.0
P3S_B037,0.5,0.0021454894449561834,0.01802754962441304,0.025174427898202158,0.015882060179456856,0.023028938453245974,0.007146878273789119,25.0,220.0
P3S_B038,0.3,0.0028595905750989914,0.0031212878878327972,0.001965580775690725,0.00026169731273380584,0.0008940097994082664,-0.0011557071121420723,83.0,158.0
P3S_B038,0.3,0.0011436525965109468,0.011745314398693387,0.004038950608872029,0.01060166180218244,0.002895298012361082,-0.007706363789821358,43.0,39.0
P3S_B038,0.3,0.0039021798875182867,0.01111226107408624,0.011492583670318725,0.007210081186567954,0.007590403782800438,0.00038032259623248417,107.0,185.0
P3S_B038,0.3,0.005095354747027159,0.01049780492232725,0.0033906055112162096,0.005402450175300092,0.001704749235810949,-0.007107199411111041,132.0,51.0
P3S_B038,0.3,0.004421608988195658,0.010425087331958774,0.008726456820157633,0.0060034783437631165,0.0043048478319619755,-0.001698630511801141,119.0,147.0
P3S_B038,0.3,0.004905925132334232,0.004903059175429866,0.009623609624713404,2.865956904365974e-06,0.004717684492379172,0.004720550449283538,128.0,244.0
P3S_B038,0.3,4.4028252887073904e-05,0.008628049039951357,0.002663309363404826,0.008584020787064283,0.0026192811105177523,-0.005964739676546531,16.0,65.0
P3S_B038,0.3,0.01017477922141552,0.025523344745991862,0.009911755616939862,0.015348565524576342,0.00026302360447565815,-0.015611589129052,192.0,2.0
P3S_B038,0.5,0.01016658078879118,0.03296562564104108,0.020119017284465576,0.0227990448522499,0.009952436495674396,-0.012846608356575504,73.0,99.0
P3S_B038,0.5,0.030747730284929276,0.03663756476481814,0.03747876299894389,0.005889834479888861,0.006731032714014616,0.0008411982341257548,181.0,185.0
P3S_B038,0.5,0.01434691995382309,0.038310826357300834,0.027523505812661476,0.023963906403477744,0.013176585858838387,-0.010787320544639357,99.0,119.0
P3S_B038,0.5,0.014706355519592762,0.022473992629401723,0.016575312082343953,0.007767637109808961,0.0018689565627511909,-0.0058986805470577705,100.0,149.0
P3S_B038,0.5,0.01697838492691517,0.02258279945103754,0.015062846423384697,0.0056044145241223725,0.0019155385035304721,-0.007519953027652845,118.0,140.0
P3S_B038,0.5,0.0032832040451467037,0.031855487194618365,0.006175799233413007,0.02857228314947166,0.002892595188266303,-0.025679687961205358,33.0,5.0
P3S_B038,0.5,0.007472019176930189,0.030837428529713717,0.043370680876638396,0.023365409352783528,0.035898661699708206,0.012533252346924678,59.0,244.0
P3S_B038,0.5,0.0030653057619929314,0.027294791315643538,0.020565245496258353,0.024229485553650607,0.017499939734265422,-0.006729545819385185,31.0,142.0
P3S_B039,0.3,0.0011634837137535214,0.011316690172057742,0.005353083848151533,0.01015320645830422,0.004189600134398012,-0.005963606323906209,44.0,66.0
P3S_B039,0.3,0.011841033585369587,0.023718774739602173,0.01741391346394771,0.011877741154232586,0.005572879878578123,-0.006304861275654463,210.0,60.0
P3S_B039,0.3,0.0038797156885266304,0.007211465428224883,0.019087229881148752,0.0033317497396982525,0.015207514192622121,0.011875764452923869,106.0,299.0
P3S_B039,0.3,0.009182065725326538,0.018827490166630503,0.011590916136484154,0.009645424441303965,0.0024088504111576155,-0.00723657403014635,183.0,47.0
P3S_B039,0.3,0.008409857749938965,0.020078767778828596,0.007803899430492683,0.011668910028889631,0.0006059583194462821,-0.012274868348335913,175.0,7.0
P3S_B039,0.3,0.01170826144516468,0.016526692155375604,0.01626421990801913,0.004818430710210923,0.004555958462854448,-0.0002624722473564753,208.0,171.0
P3S_B039,0.3,0.00954268965870142,0.005981839385178453,0.010511859988772972,0.0035608502735229672,0.0009691703300715518,0.004530020603594519,189.0,242.0
P3S_B039,0.3,0.002314062789082527,0.006262389469310197,0.006956159981602525,0.00394832668022767,0.004642097192519998,0.0006937705122923282,68.0,189.0
P3S_B039,0.5,0.02154916524887085,0.029006448744592205,0.027399634057239483,0.007457283495721355,0.0058504688083686335,-0.0016068146873527214,130.0,169.0
P3S_B039,0.5,0.005809975787997246,0.026180919522732105,0.010751415518309692,0.02037094373473486,0.0049414397303124465,-0.015429504004422412,52.0,77.0
P3S_B039,0.5,0.02482552081346512,0.0419592201984675,0.03818528434861829,0.01713369938500238,0.013359763535153169,-0.003773935849849211,147.0,161.0
P3S_B039,0.5,0.029369212687015533,0.031319224190986164,0.030583484167934154,0.0019500115039706306,0.0012142714809186203,-0.0007357400230520103,174.0,179.0
P3S_B039,0.5,0.014040796086192131,0.02779278550448964,0.01895438691069858,0.01375198941829751,0.004913590824506448,-0.008838398593791062,98.0,133.0
P3S_B039,0.5,0.005430182907730341,0.025955466425572296,0.01187806205888039,0.020525283517841955,0.006447879151150049,-0.014077404366691906,51.0,89.0
P3S_B039,0.5,0.026147933676838875,0.023257149695900304,0.02745210429050066,0.002890783980938571,0.001304170613661785,0.004194954594600356,156.0,205.0
P3S_B039,0.5,0.0016151691088452935,0.02691168636666212,0.006721913657864216,0.025296517257816828,0.005106744549018922,-0.020189772708797904,21.0,38.0
