panel,cfg_weight,block_id,anchor_target_rho,lpips_alex,dino_cosine_distance,seed_count,severity_tv,severity_surprisal,connected_components,bounding_box_area,D_desc_rate,descendant_count,first_descendant_step,maximum_seed_to_descendant_radius,descendant_connected_components,descendant_fraction_distance_le_5,split_incidence,expected_seed_count,single_seed_probability,multi_seed_probability,unconditional_lpips_alex,unconditional_dino_cosine_distance
official_cfg1,1.0,P3S_B000,0.3,0.014708123868331313,0.004297956824302673,1.0,0.01241688743744072,8.277486244634538,1.0,1.0,0.021551724137931036,1.25,31.0,7.0,1.5,0.625,0.13787741963685196,0.1474727933409633,0.12867244462132252,0.009204975015529575,0.0020279181666647147,0.0005925911966454513
official_cfg1,1.0,P3S_B000,0.5,0.06970445904880762,0.019502922892570496,1.25,0.008911861295895563,7.775315310402878,1.25,17.25,0.09322033898305085,11.0,26.75,12.75,7.25,0.4820384294068505,0.0589554240553557,0.06051184161239337,0.05742182434190926,0.001533599713446395,0.004109455941771629,0.0011498030894503978
official_cfg1,1.0,P3S_B001,0.3,0.012717950157821178,0.005865007638931274,1.0,0.008390148841386334,7.596302760911978,1.0,1.0,0.01293103448275862,0.75,31.0,1.75,1.5,0.5,0.14864948213526574,0.15984240166158897,0.1379465262015865,0.010702955933679308,0.0018905167047822394,0.0008718303482465116
official_cfg1,1.0,P3S_B001,0.5,0.04301731754094362,0.013244196772575378,1.0,0.009153692409463694,8.314404668250926,1.0,1.0,0.057203389830508475,6.75,27.75,11.5,5.25,0.6104166666666666,0.07810629824975479,0.08089138965518738,0.07537639213839617,0.002729906111358608,0.003359923433757351,0.0010344551831972123
official_cfg1,1.0,P3S_B002,0.3,0.008049134521570522,0.0030023902654647827,1.0,0.014138400463021429,7.042905814413632,1.0,1.0,0.02586206896551724,1.5,30.0,3.75,2.25,0.3333333333333333,0.159009190923876,0.17199299496143716,0.14664180965021528,0.012367381273660603,0.0012798863679123684,0.0004774076469492764
official_cfg1,1.0,P3S_B002,0.5,0.03635641187429428,0.017474666237831116,1.0,0.017495819525022206,7.620061725889825,1.0,1.0,0.06779661016949153,8.0,26.75,15.5,7.25,0.24478021978021977,0.09564260518090517,0.09977976416782575,0.0916025894675271,0.004040015713378067,0.0034772219466875005,0.0016713226036529749
official_cfg1,1.0,P3S_B003,0.3,0.014538859948515892,0.005523383617401123,1.0,0.015656393586600748,7.791603809583676,1.0,1.0,0.05603448275862069,3.25,30.25,10.5,3.0,0.5833333333333333,0.15422912209190043,0.1663660978739473,0.14264666525103073,0.011582456840869846,0.0022423156060766987,0.0008518666062885604
official_cfg1,1.0,P3S_B003,0.5,0.042734114453196526,0.015750452876091003,1.0,0.013328269385947597,7.2726589059538895,1.0,1.0,0.0805084745762712,9.5,26.5,15.75,8.0,0.5138888888888888,0.08361312551695943,0.08681467125126116,0.08047958109848675,0.0031335444184727767,0.0035731328756312313,0.0013169445932775517
official_cfg1,1.0,P3S_B004,0.3,0.018482059123925865,0.05022595822811127,1.0,0.017096669442037284,6.0690401596072565,1.0,1.0,0.03017241379310345,1.75,30.333333333333332,4.5,2.25,0.35,0.12522616628266026,0.13300582826902463,0.11772833237106775,0.0074978339115925035,0.0023144374090986984,0.0062896041967794095
official_cfg1,1.0,P3S_B004,0.5,0.03137200401397422,0.015339910984039307,1.0,0.015908086280542064,6.46214481130661,1.0,1.0,0.048728813559322036,5.75,26.666666666666668,10.5,5.5,0.21904761904761905,0.09519507168280161,0.09922145977504301,0.09125955512820613,0.003935516554595411,0.002986460170943416,0.0014602839257334176
official_cfg1,1.0,P3S_B005,0.3,0.02390005416236818,0.007378578186035156,1.5,0.025890361511643013,8.667799547569658,1.5,12.75,0.05172413793103449,3.0,31.0,9.75,3.5,0.5125,0.1838267798076656,0.20145694318091706,0.16716916889266425,0.016657610915001494,0.004393469993896937,0.0013563802674979293
official_cfg1,1.0,P3S_B005,0.5,0.05080567509867251,0.031105846166610718,1.25,0.018616604807886277,5.793937068578317,1.25,14.25,0.1016949152542373,12.0,24.0,11.25,10.5,0.296875,0.1004962137964811,0.10514564822037234,0.09596499471191411,0.004531219084566905,0.005105777986790749,0.0031260197666801628
official_cfg1,1.0,P3S_B006,0.3,0.013285638124216348,0.020910635590553284,1.0,0.015794872199547637,6.635326976143228,1.0,1.0,0.03879310344827586,2.25,31.0,6.0,2.75,0.43333333333333335,0.14881702390921647,0.16011937072355184,0.13801609361822142,0.010800930290995124,0.001977129126380702,0.003111858556636281
official_cfg1,1.0,P3S_B006,0.5,0.05650237249210477,0.06411992013454437,1.0,0.009264619834333552,7.882783726847062,1.0,1.0,0.11440677966101695,13.5,26.25,14.25,10.75,0.40340909090909094,0.08430767434510256,0.08756573997270026,0.08111946869058295,0.003188205654519714,0.004763583619790049,0.005405801345737152
official_cfg1,1.0,P3S_B007,0.3,0.006623019464313984,0.005232676863670349,1.0,0.016520196231149805,5.967833108021303,1.0,1.0,0.034482758620689655,2.0,30.666666666666668,4.75,2.5,0.625,0.1674704413119017,0.1817473147185742,0.15389138780830786,0.013579053503593888,0.0011091599925059778,0.000876318703601451
official_cfg1,1.0,P3S_B007,0.5,0.029559846414485946,0.013203680515289307,1.0,0.014024646918033169,7.296677005021187,1.0,1.0,0.0826271186440678,9.75,25.5,12.0,7.5,0.5213235294117646,0.09455952683473967,0.09866336335606513,0.09055388876387051,0.004005638070869091,0.002795165090261367,0.0012485337820028286
official_cfg1,1.0,P3S_B008,0.3,0.0129422406462254,0.011075571179389954,1.0,0.01127202126040466,8.913361677603348,1.0,1.0,0.030172413793103446,1.75,30.333333333333332,3.75,2.25,0.6666666666666666,0.16172859128601458,0.17506151945123472,0.14902980006694702,0.012698791219067697,0.002093130347798633,0.0017912365245307202
official_cfg1,1.0,P3S_B008,0.5,0.03283134219236672,0.03982013463973999,1.0,0.014388195282868882,6.303821755364868,1.0,1.0,0.09322033898305085,11.0,24.0,12.75,7.5,0.22619047619047616,0.0993551221752873,0.10392645488044572,0.09489999925465438,0.004455122920632895,0.0032619620147012604,0.0039563343421677565
official_cfg1,1.0,P3S_B009,0.3,0.008025072107557207,0.0014419406652450562,1.0,0.016174800484165898,6.015563117539811,1.0,1.0,0.034482758620689655,2.0,30.75,8.5,2.75,0.45,0.15292401200903116,0.16490073571626238,0.14149468613175692,0.011429325877274172,0.0012272262233494194,0.00022050735160824536
official_cfg1,1.0,P3S_B009,0.5,0.03427426004782319,0.033879444003105164,1.0,0.016018198384906715,8.902048656245666,1.0,1.0,0.09322033898305085,11.0,25.5,14.0,9.0,0.5130681818181818,0.10960482388907355,0.11515837692850625,0.10420505216732064,0.005399771721753015,0.0037566242364699704,0.0037133504934200707
official_cfg1,1.0,P3S_B010,0.3,0.011082871031248942,0.013304948806762695,1.0,0.01258030652226159,6.9875135345908435,1.0,1.0,0.05172413793103449,3.0,30.0,7.0,3.75,0.55,0.15918484166541258,0.17224698129919933,0.14674781439258508,0.012437027272827549,0.0017642250703075507,0.0021179461691709397
official_cfg1,1.0,P3S_B010,0.5,0.00044023943792126374,0.0008373558521270752,1.0,0.0104305951058044,4.120593875969913,1.0,1.0,0.01271186440677966,1.5,27.5,2.5,2.25,0.3,0.09271832640111943,0.09668207993390829,0.08884840552412285,0.003869920876996458,4.081826389982909e-05,7.763823321140566e-05
official_cfg1,1.0,P3S_B011,0.3,0.01687788381241262,0.026095226407051086,1.0,0.010868086439331608,7.659021716985441,1.0,1.0,0.04741379310344827,2.75,30.333333333333332,7.0,3.25,0.375,0.134255643751806,0.14339863127682512,0.12547945906331387,0.008776184688491973,0.0022659511564036418,0.0035034314201277707
official_cfg1,1.0,P3S_B011,0.5,0.07388632884249091,0.05773568153381348,1.0,0.01444217473136052,6.223697892571636,1.0,1.0,0.12076271186440678,14.25,25.25,14.0,11.0,0.4785037878787879,0.08633896662069673,0.08971756552476051,0.08303281193928645,0.003306154681410354,0.006379269279657645,0.004984839080771099
official_cfg1,1.0,P3S_B012,0.3,0.008356730657396838,0.013466805219650269,1.25,0.013412936294192261,7.138782622747177,1.25,30.0,0.05172413793103449,3.0,30.5,3.0,2.5,1.0,0.14164237684560843,0.15184256941838792,0.13187278796143362,0.00976958888417478,0.0011836671929722521,0.00190747029982811
official_cfg1,1.0,P3S_B012,0.5,0.04661838989704847,0.05356484651565552,1.25,0.013240510111633255,7.435335636216967,1.25,14.25,0.10169491525423728,12.0,25.75,12.5,8.5,0.6676573426573427,0.08306795454754612,0.08622132742689378,0.07998095695547397,0.003086997592072102,0.003872494293047806,0.004449522235708756
official_cfg1,1.0,P3S_B013,0.3,0.0067661533248610795,0.0013883709907531738,1.0,0.015276041441790154,8.282573555824136,1.0,1.0,0.02586206896551724,1.5,31.0,3.5,2.0,0.625,0.1736455578692363,0.18933157170593512,0.15878107227755803,0.014864485591678233,0.0011749124687242902,0.00024108445521879918
official_cfg1,1.0,P3S_B013,0.5,0.02640442713163793,0.009301111102104187,1.0,0.012665982016912143,9.60113685975815,1.0,1.0,0.07838983050847458,9.25,24.75,14.25,7.0,0.49657287157287155,0.08228595800680039,0.08537493551627029,0.07926112456642599,0.003024833440374401,0.0021727135821475794,0.00076535083756433
official_cfg1,1.0,P3S_B014,0.3,0.013917544565629214,0.006922245025634766,1.0,0.01377833195341253,7.306873431944055,1.0,1.0,0.025862068965517244,1.5,30.5,4.0,2.25,0.4,0.15304057335311672,0.164988184560754,0.14163506011835755,0.01140551323475932,0.0021299489999914486,0.0010593843476139047
official_cfg1,1.0,P3S_B014,0.5,0.058962610084563494,0.030903726816177368,1.0,0.016547220644958734,6.513262039332052,1.0,1.0,0.09322033898305085,11.0,25.25,13.25,8.75,0.48580586080586075,0.08233842486356224,0.08539158221785582,0.07934710858186127,0.0029913162817009746,0.004854888440207349,0.002544564188457874
official_cfg1,1.0,P3S_B015,0.3,0.002055924914429852,0.0008319765329360962,1.0,0.00760874642843307,3.7948723593506464,1.0,1.0,0.02586206896551724,1.5,30.666666666666668,9.0,2.0,0.125,0.15751639157775377,0.17026877262480467,0.1453654299595694,0.012150961618184429,0.0003238418738757925,0.0001310499413454641
official_cfg1,1.0,P3S_B015,0.5,0.0249699039850384,0.010088518261909485,1.0,0.01169981965864816,9.098172242302155,1.0,1.0,0.0826271186440678,9.75,26.25,14.5,8.75,0.475,0.07466921110292735,0.07718604923564266,0.07219903233589814,0.0024701787670293063,0.0018644830318786591,0.000753301699814257
primary_cfg3,3.0,P3S_B000,0.3,0.020212984993122518,0.0032084882259368896,1.25,0.02245878704101244,7.38499509672673,1.25,9.875,0.05603448275862069,3.25,30.625,8.625,3.75,0.6145833333333333,0.1994443368090998,0.22050375974874112,0.1796610285635495,0.019783308245550253,0.004031365386885607,0.0006399148063817881
primary_cfg3,3.0,P3S_B000,0.5,0.055952311027795076,0.009565427899360657,1.0,0.019696067610886027,8.103885464232551,1.0,1.0,0.10805084745762712,12.75,25.25,16.75,10.125,0.48066014867485457,0.13209684360699858,0.14014705705664599,0.12430906182884383,0.007787781778154627,0.007391123679288788,0.0012635628332558655
primary_cfg3,3.0,P3S_B001,0.3,0.019340786966495216,0.006919391453266144,1.0,0.01701759989946142,7.413016682958958,1.0,1.0,0.07974137931034483,4.625,30.285714285714285,12.0,5.125,0.3923611111111111,0.18938280623431525,0.2083201320141566,0.17153994180052504,0.01784286443379028,0.0036628125104949333,0.001310413770853279
primary_cfg3,3.0,P3S_B001,0.5,0.055771503830328584,0.021284252405166626,1.125,0.02606679618160241,7.71762622892741,1.125,3.375,0.11546610169491525,13.625,25.0,13.875,10.75,0.46679197994987465,0.13443926342509804,0.14288159902512076,0.1262833648092189,0.008155898615879169,0.007497879895059409,0.0028614392159044726
primary_cfg3,3.0,P3S_B002,0.3,0.010745258219685638,0.004752151668071747,1.25,0.028426146536855722,6.264459546297246,1.25,4.375,0.03663793103448276,2.125,30.5,4.125,2.75,0.6160714285714286,0.22420705944371866,0.251049515803928,0.19917786908312296,0.02502919036059573,0.0024091627483991645,0.0010654659515289288
primary_cfg3,3.0,P3S_B002,0.5,0.02435536202392541,0.008614756166934967,1.125,0.021034154173622657,6.305527310848613,1.125,7.125,0.07733050847457627,9.125,26.0,13.875,7.5,0.599905303030303,0.12976630901771502,0.13759014790543075,0.12219761538140712,0.007568693636307807,0.0031605054346350255,0.0011179051108707492
primary_cfg3,3.0,P3S_B003,0.3,0.008570482903451193,0.0043399035930633545,1.0,0.015116486540930528,5.874938955384242,1.0,1.0,0.032327586206896554,1.875,30.333333333333332,5.875,2.75,0.2875,0.1525130881982203,0.16434829527059516,0.14121047303417059,0.011302615164049908,0.001307110814955391,0.0006618920994606446
primary_cfg3,3.0,P3S_B003,0.5,0.02216180760296993,0.016439512372016907,1.0,0.017718771450494566,7.030652971155847,1.0,1.0,0.08686440677966102,10.25,26.375,13.125,7.125,0.5073091736694678,0.10492802152804925,0.10987422730807879,0.10010579767691033,0.004822223851138938,0.0023253946252649142,0.001724965508081622
primary_cfg3,3.0,P3S_B004,0.3,0.009811142008402385,0.0037533938884735107,1.0,0.013554954044992545,5.9625961317463645,1.0,1.0,0.023706896551724137,1.375,30.0,5.125,2.25,0.19999999999999998,0.1562238476913015,0.16872033730720187,0.14430885326565848,0.011914994425643042,0.001532734354798384,0.0005863696351583476
primary_cfg3,3.0,P3S_B004,0.5,0.03423782729078084,0.011594437062740326,1.0,0.021797163935253223,6.2010454939228845,1.0,1.0,0.0614406779661017,7.25,26.0,10.125,6.625,0.6083806818181818,0.09474090251118827,0.09865966695337913,0.09090859992663337,0.003832302584554881,0.003243722657550769,0.0010984674314331894
primary_cfg3,3.0,P3S_B005,0.3,0.008017220592591912,0.0023937299847602844,1.25,0.02138554231915661,5.11416455884783,1.25,13.0,0.04956896551724138,2.875,30.625,7.875,3.5,0.7059523809523809,0.19021239241053334,0.20918922997371453,0.17232336481652824,0.017889027594005055,0.0015249747093999014,0.0004553171071860832
primary_cfg3,3.0,P3S_B005,0.5,0.02243143680971116,0.010572552680969238,1.25,0.018258825889355255,7.017883375045361,1.25,15.875,0.06779661016949153,8.0,26.5,14.625,6.375,0.5451073232323232,0.11615634924918372,0.12246456842021954,0.11003637006241843,0.006119979186765367,0.0026055538082298047,0.0012280691216660566
primary_cfg3,3.0,P3S_B006,0.3,0.003065690463699866,0.004543334245681763,1.125,0.016354106321706564,4.447849712142959,1.125,2.375,0.03232758620689655,1.875,30.5,9.875,2.375,0.3958333333333333,0.1703805629015499,0.18546866293529432,0.15606890765011325,0.014311655251436798,0.0005223340668870967,0.0007740958462291473
primary_cfg3,3.0,P3S_B006,0.5,0.016276734473649412,0.01977291703224182,1.25,0.016357933609411072,6.216663817584691,1.25,10.625,0.06991525423728813,8.25,25.0,12.75,7.125,0.4975198412698413,0.0829570156492746,0.08603327279674425,0.07994229351734994,0.0030147221319246505,0.0013502693164496218,0.0016403021876754932
primary_cfg3,3.0,P3S_B007,0.3,0.01280311327718664,0.014511987566947937,1.25,0.028099118017300393,6.348179490924002,1.25,7.125,0.06465517241379311,3.75,30.125,13.25,4.5,0.4125,0.2367744302457736,0.2670852195008434,0.20864739978588773,0.028127030459885835,0.003031449851577966,0.003436067587897848
primary_cfg3,3.0,P3S_B007,0.5,0.03432784783944953,0.019200846552848816,1.125,0.02399380406869542,6.232147104177494,1.125,2.0,0.1408898305084746,16.625,25.875,15.625,12.0,0.4718224789915966,0.1304435563067461,0.13838275993112759,0.12276625347490898,0.007677302831837181,0.004477846552534647,0.002504626708453726
primary_cfg3,3.0,P3S_B008,0.3,0.006101417675864695,0.008992530405521393,1.25,0.018605854839544297,4.375080780693087,1.25,14.0,0.04741379310344827,2.75,30.571428571428573,7.5,3.25,0.5758928571428571,0.14860746705194328,0.15963960758394116,0.13804357187122154,0.010563895180721882,0.0009067162262362071,0.0013363571659521184
primary_cfg3,3.0,P3S_B008,0.5,0.01957705451751579,0.031112000346183777,1.0,0.013617456772173252,5.039087245186526,1.0,1.0,0.0858050847457627,10.125,26.571428571428573,11.625,8.625,0.4003160474716202,0.07635111355761237,0.07886656751114456,0.07387907238220852,0.0024720411754038676,0.0014947299125904164,0.002375435871435953
primary_cfg3,3.0,P3S_B009,0.3,0.006050899290130474,0.0030213147401809692,1.125,0.024651091139105647,4.06278081632793,1.125,3.875,0.040948275862068964,2.375,30.4,5.0,3.0,0.44107142857142856,0.2338260404366277,0.2634163179134499,0.20635005195026673,0.027475988486360743,0.00141485782209201,0.0007064620626093346
primary_cfg3,3.0,P3S_B009,0.5,0.021105393301695585,0.01317073404788971,1.0,0.021901396285944175,4.416384247807694,1.0,1.0,0.06673728813559322,7.875,27.0,13.5,6.375,0.4713468720821662,0.14861880727721788,0.15904844109308935,0.138583038961923,0.01003576831529497,0.003136658379614581,0.0019574187851628126
primary_cfg3,3.0,P3S_B010,0.3,0.0029644158420296662,0.008196160197257996,1.0,0.014106321580568886,3.74639489485247,1.0,1.0,0.028017241379310345,1.625,30.5,3.75,2.25,0.5625,0.12036977569512741,0.12733766287909087,0.11362999634317808,0.006739779351949421,0.00035682606997219316,0.000986569964505276
primary_cfg3,3.0,P3S_B010,0.5,0.008923948151277727,0.018391326069831848,1.0,0.020265438495860526,4.786341335951157,1.0,1.0,0.03813559322033898,4.5,25.75,4.875,4.375,0.23771929824561402,0.09103108629363033,0.09463556778529957,0.0875005103689917,0.003530575924638743,0.0008123566942388456,0.0016741823905171561
primary_cfg3,3.0,P3S_B011,0.3,0.006423018523491919,0.0009180381894111633,1.125,0.02654398369775312,5.962764177319482,1.125,4.0,0.034482758620689655,2.0,30.571428571428573,7.125,2.875,0.60625,0.25995591538424523,0.2976434791626952,0.2253453318600861,0.03461058352415909,0.001669701659804305,0.00023864945788607407
primary_cfg3,3.0,P3S_B011,0.5,0.024156412400770932,0.006298728287220001,1.125,0.02694767592063024,6.1236065044760934,1.125,4.375,0.07521186440677967,8.875,27.285714285714285,10.625,6.625,0.605392591279688,0.16128946668764144,0.1736445906654308,0.14944271778094562,0.011846748906695638,0.003896174873207072,0.0010159185262560752
primary_cfg3,3.0,P3S_B012,0.3,0.00644495058298844,0.002865992486476898,1.0,0.012565612590453383,4.949777431739603,1.0,1.0,0.034482758620689655,2.0,30.333333333333332,5.875,2.75,0.5729166666666666,0.13072000419597063,0.13914204382480005,0.1226100697686722,0.008109934427298435,0.0008424839672510722,0.00037464254985788043
primary_cfg3,3.0,P3S_B012,0.5,0.022490462637506425,0.012188896536827087,1.0,0.026283678829046364,5.076999620661546,1.0,1.0,0.0847457627118644,10.0,25.75,13.875,8.25,0.4849431818181818,0.11858501590134152,0.12480939159472862,0.1125297606173273,0.006055255284014035,0.0026670318694972267,0.0014454204896394466
primary_cfg3,3.0,P3S_B013,0.3,0.010972656134981662,0.004233457148075104,1.5,0.03537577013887177,6.049551988101747,1.5,10.625,0.06681034482758622,3.875,30.714285714285715,11.75,4.25,0.4548611111111111,0.2712440290377237,0.3122330493961935,0.23370091358016343,0.037543115457560325,0.0029762674592979234,0.0011482999736024424
primary_cfg3,3.0,P3S_B013,0.5,0.037285353580955416,0.010621078312397003,1.25,0.03139992459324802,5.74081537997188,1.25,13.5,0.13135593220338984,15.5,24.75,13.875,12.125,0.5246150493290082,0.15261307126091883,0.16342440921812323,0.14220546150336666,0.010407609757552267,0.005690232323038904,0.0016209153813576433
primary_cfg3,3.0,P3S_B014,0.3,0.014092016033828259,0.0031141862273216248,1.125,0.023286982723264103,6.317026957576616,1.125,2.625,0.03879310344827586,2.25,30.5,7.0,2.5,0.6458333333333334,0.20598037070392583,0.22836354104323844,0.18497896931832464,0.021001401385601325,0.002902678686613611,0.0006414612335447684
primary_cfg3,3.0,P3S_B014,0.5,0.04218842042610049,0.011660121381282806,1.0,0.0247304626182708,6.770226123029763,1.0,1.0,0.09427966101694915,11.125,26.875,12.625,7.5,0.40682078956696954,0.16700056654161488,0.18038945602560472,0.15418690699115584,0.012813659550459081,0.00704549011265462,0.0019472468766182256
primary_cfg3,3.0,P3S_B015,0.3,0.006209245119471518,0.002297148108482361,1.0,0.019392551790414787,4.843484920631517,1.0,1.0,0.032327586206896554,1.875,30.2,7.375,2.5,0.2520833333333333,0.18317865570927105,0.20027325553199618,0.16698152222567253,0.01619713348359851,0.0011374011739541448,0.0004207885024768936
primary_cfg3,3.0,P3S_B015,0.5,0.028514927253127098,0.008984751999378204,1.0,0.021751986251255098,5.868900445968363,1.0,1.0,0.06779661016949153,8.0,25.5,11.5,6.5,0.5087568681318682,0.12312906824942438,0.13004908394095446,0.11641492949360725,0.006714138755817001,0.003511016423877658,0.001106284142135591
primary_cfg3,3.0,P3S_B016,0.3,0.00360327053203946,0.0016356483101844788,1.125,0.018626249359875082,5.564881152600911,1.125,4.0,0.03879310344827586,2.25,30.333333333333332,6.75,3.0,0.421875,0.2190960309724086,0.2448198841319021,0.1950894852609391,0.024006545711469478,0.0007894622720896847,0.00035836405282814633
primary_cfg3,3.0,P3S_B016,0.5,0.011017453100066632,0.005612380802631378,1.0,0.014870452525560388,5.705715819828465,1.0,1.0,0.05826271186440678,6.875,27.5,11.375,5.125,0.5638528138528138,0.11037848156974983,0.116052475052617,0.10486490247803736,0.005513579091712455,0.0012160897439512878,0.0006194860709856653
primary_cfg3,3.0,P3S_B017,0.3,0.010509748331969604,0.0030207186937332153,1.125,0.027326607524423962,5.09687700588422,1.125,5.0,0.04525862068965517,2.625,30.333333333333332,6.0,3.5,0.5375,0.27536741997169967,0.3181133037628768,0.2363315372896314,0.039035882682068396,0.002894042282726344,0.0008318075131535983
primary_cfg3,3.0,P3S_B017,0.5,0.0478779545519501,0.009043402969837189,1.125,0.02782322353570439,7.126424555871167,1.125,3.875,0.1483050847457627,17.5,25.375,16.125,12.75,0.41256286816631643,0.18685872436193007,0.2039267627196881,0.1706257135914125,0.01623301077051736,0.008946413512635858,0.001689838742834667
primary_cfg3,3.0,P3S_B018,0.3,0.01929331966675818,0.006708554923534393,1.25,0.029634457965974755,6.310085681669352,1.25,14.875,0.08620689655172414,5.0,30.125,11.875,5.375,0.46041666666666664,0.2426210404480419,0.2750046198859507,0.21268794743389505,0.029933093014147025,0.004680965291245539,0.0016276365754507487
primary_cfg3,3.0,P3S_B018,0.5,0.04159616073593497,0.008608534932136536,1.0,0.01791914262620114,5.773295668383913,1.0,1.0,0.09110169491525424,10.75,26.75,16.5,10.25,0.3617559523809524,0.15028803935128332,0.1611111213100413,0.13988936663539162,0.010398672715891663,0.006251405441544501,0.0012937598366378328
primary_cfg3,3.0,P3S_B019,0.3,0.022539248573593795,0.007459886372089386,1.125,0.01899437464919321,6.40248821172482,1.125,11.875,0.08189655172413793,4.75,30.375,12.0,5.0,0.5360119047619047,0.20599465191874844,0.22870448820781894,0.18472453078248727,0.021270121136261148,0.004642964664427601,0.0015366966965719682
primary_cfg3,3.0,P3S_B019,0.5,0.03791607078164816,0.012835882604122162,1.0,0.017593411291870188,6.445251557907746,1.0,1.0,0.09322033898305085,11.0,26.5,14.25,9.25,0.38995098039215687,0.13839705621697596,0.1474527016304472,0.12966352243091653,0.008733533786059355,0.005247472579494599,0.0017764483663571986
primary_cfg3,3.0,P3S_B020,0.3,0.0021082070234115236,0.0007575824856758118,1.25,0.02047329586873324,4.291994220745179,1.25,6.875,0.017241379310344827,1.0,30.833333333333332,6.25,2.0,0.375,0.21195589282553462,0.23594141517890832,0.18951790411566272,0.022437988709872018,0.0004468469019082522,0.0001605740721404045
primary_cfg3,3.0,P3S_B020,0.5,0.022912601882126182,0.005689293146133423,1.125,0.021237077160797785,5.875424258719194,1.125,7.125,0.07521186440677965,8.875,25.857142857142858,8.75,8.125,0.4858100233100233,0.12259390500095568,0.12962387356528096,0.11578415276740317,0.006809752233552468,0.0028089453384620958,0.0006974726634796691
primary_cfg3,3.0,P3S_B021,0.3,0.014744600630365312,0.005206368863582611,1.0,0.02180141797314962,6.569771704231056,1.0,1.0,0.07327586206896552,4.25,30.375,12.25,4.125,0.69375,0.24850988989003575,0.2826330719143408,0.21703649589237148,0.031473393997664335,0.0036641790791246353,0.0012938341530158253
primary_cfg3,3.0,P3S_B021,0.5,0.045924552250653505,0.013080663979053497,1.0,0.017060015313234457,6.458687256742813,1.0,1.0,0.1292372881355932,15.25,25.375,16.875,11.0,0.37041151345148543,0.13712649431151802,0.14599113751441314,0.12857295885953185,0.008553535451986068,0.00629747285295825,0.001793705594714558
primary_cfg3,3.0,P3S_B022,0.3,0.01610393900773488,0.00572340190410614,1.0,0.017373961457969152,7.558883821193205,1.0,1.0,0.08405172413793104,4.875,30.5,10.0,5.125,0.49166666666666664,0.17672903982676802,0.19299086751254324,0.16133280381507725,0.015396236011690911,0.0028460336782658207,0.001011491323055374
primary_cfg3,3.0,P3S_B022,0.5,0.02944026471050165,0.013577699661254883,1.125,0.024864947439024954,5.161086058936471,1.125,9.875,0.07415254237288135,8.75,26.875,11.75,7.75,0.4259963768115942,0.12403786402602646,0.13104861207586854,0.11723720760226913,0.006800656423757378,0.003651707551051429,0.0016841488643689587
primary_cfg3,3.0,P3S_B023,0.3,0.006489460201464681,0.003956526517868042,1.0,0.024926207124437216,6.215385745628958,1.0,1.0,0.023706896551724137,1.375,30.5,5.0,1.875,0.46875,0.27011412367790033,0.31059432495177763,0.23300522170690166,0.03710890197099875,0.0017528948554612427,0.0010687136931823006
primary_cfg3,3.0,P3S_B023,0.5,0.03496590091526741,0.018111810088157654,1.375,0.04505218426572331,7.169902081195506,1.375,12.875,0.09533898305084745,11.25,27.0,12.625,8.625,0.5649114774114774,0.18566787613286395,0.20161173197262472,0.17043404931496692,0.015233826817896973,0.006492044560009864,0.003362781311990011
primary_cfg3,3.0,P3S_B024,0.3,0.0025149843233975844,0.0015716999769210815,1.125,0.018154307608145234,2.944179396038473,1.125,2.375,0.032327586206896554,1.875,30.4,5.0,2.25,0.4708333333333333,0.1431021935999124,0.15316565237758623,0.13343942593448155,0.009662767665431038,0.0003598997735475858,0.00022491371437833845
primary_cfg3,3.0,P3S_B024,0.5,0.010273439195771061,0.0048382580280303955,1.0,0.015163424397693696,4.336447743641283,1.0,1.0,0.06991525423728814,8.25,26.625,15.0,6.875,0.29196859903381644,0.1126694598702408,0.11852669652226268,0.10697784530818713,0.005691614562053442,0.0011575028451972864,0.000545123918731041
primary_cfg3,3.0,P3S_B025,0.3,0.01936003626906313,0.0025225654244422913,1.25,0.021585055122461012,5.491980885281469,1.25,16.625,0.07112068965517242,4.125,30.5,11.5,4.5,0.384375,0.21893287551345963,0.24483076486036082,0.19478776830538347,0.024145107208076284,0.004238548410430862,0.0005522725020439816
primary_cfg3,3.0,P3S_B025,0.5,0.03142679779557511,0.00646403431892395,1.125,0.02131312767635437,5.065228586209197,1.125,3.875,0.0805084745762712,9.5,26.142857142857142,12.125,7.75,0.37317890442890445,0.132100382592647,0.14035961658916649,0.12412369261407084,0.007976689978576224,0.004151492012457228,0.0008539014066218543
primary_cfg3,3.0,P3S_B026,0.3,0.010779816278954968,0.001605495810508728,1.0,0.015240025831131685,7.602476465571834,1.0,1.0,0.04310344827586207,2.5,30.428571428571427,9.5,2.875,0.5895833333333333,0.18132716240960922,0.198547114063984,0.1650533050175057,0.01627385739210333,0.001954673497159817,0.0002911199995800633
primary_cfg3,3.0,P3S_B026,0.5,0.03209277510177344,0.004998482763767242,1.25,0.018221047034170813,6.646246821036986,1.25,10.875,0.07627118644067797,9.0,26.25,13.25,7.875,0.4133319805194805,0.11517726421348384,0.1214192710298336,0.10912230087595237,0.006054963337531414,0.0036963580372408756,0.0005757115699489647
primary_cfg3,3.0,P3S_B027,0.3,0.019968860786320874,0.007934831082820892,1.0,0.015929136275613754,7.309954096882369,1.0,1.0,0.05387931034482759,3.125,30.285714285714285,9.25,3.375,0.30446428571428574,0.1882055721642264,0.2068824533936032,0.1706000778405068,0.017605494323719564,0.0037582508697573042,0.001493379423968794
primary_cfg3,3.0,P3S_B027,0.5,0.06427934858947992,0.035131655633449554,1.0,0.025643190279759292,6.995324148766255,1.0,1.0,0.13347457627118645,15.75,25.375,12.625,11.625,0.51724666616908,0.15992785196789494,0.17208616669123783,0.1482645956087078,0.011663256359187,0.010280058145811061,0.005618530221533383
primary_cfg3,3.0,P3S_B028,0.3,0.00841501503600739,0.0021955445408821106,1.125,0.022336033104286918,6.295480361468776,1.125,5.0,0.034482758620689655,2.0,30.428571428571427,4.875,2.75,0.75,0.21973321507465016,0.24570405394351338,0.1955110119592388,0.02422220311541149,0.0018490583087634267,0.00048243406080762284
primary_cfg3,3.0,P3S_B028,0.5,0.028135866508819163,0.009649857878684998,1.0,0.02316681816476157,7.201051119483734,1.0,1.0,0.10063559322033899,11.875,25.75,15.375,9.625,0.48761978761978764,0.14373084290662752,0.1531202903436364,0.1346649473715987,0.009065895535028758,0.004043991809220929,0.0013869822068325554
primary_cfg3,3.0,P3S_B029,0.3,0.009639269235776737,0.010388650000095367,1.0,0.01832394353892238,7.65871828315969,1.0,1.0,0.05172413793103448,3.0,30.375,6.875,3.5,0.6994047619047619,0.1825246415258278,0.19988742407494492,0.16611289235269727,0.016411749173130513,0.0017594041618310891,0.001896184617204698
primary_cfg3,3.0,P3S_B029,0.5,0.047496548417257145,0.048884838819503784,1.0,0.017091209130624792,6.634115839798294,1.0,1.0,0.1610169491525424,19.0,25.125,15.0,12.0,0.45843048713738366,0.12295174204925852,0.13004162425421253,0.11608553626884184,0.006866205780416613,0.005839783369228718,0.006010476092655209
primary_cfg3,3.0,P3S_B030,0.3,0.014674311867565848,0.009568445384502411,1.125,0.025032770604211607,5.613269268422664,1.125,7.625,0.05387931034482758,3.125,30.75,8.125,3.625,0.65625,0.20572093762935006,0.22810108692854372,0.18472791622022774,0.02099302140912211,0.003018813196461145,0.001968429556155063
primary_cfg3,3.0,P3S_B030,0.5,0.03619299884303473,0.030955582857131958,1.25,0.01928080398344587,4.845200210644675,1.25,6.75,0.09957627118644068,11.75,26.125,11.375,7.875,0.6197216386554621,0.11412416725241548,0.12023247580790004,0.10819627827070984,0.005927888981705469,0.004130495853328975,0.003532780115383333
primary_cfg3,3.0,P3S_B031,0.3,0.017093428527005017,0.00705854594707489,1.0,0.021579932284639308,5.122525248842265,1.0,1.0,0.0625,3.625,30.0,10.375,4.125,0.6020833333333333,0.2123533488070325,0.2365242894379416,0.18975659976035503,0.022596749046677654,0.003629846790303176,0.0014989058695696596
primary_cfg3,3.0,P3S_B031,0.5,0.030951250693760812,0.013069353997707367,1.0,0.017674711136806822,6.443256640312874,1.0,1.0,0.07733050847457627,9.125,26.125,13.5,7.25,0.5258771929824562,0.13698826716108203,0.14593503370531244,0.1283620374734806,0.008626229687601392,0.004239958199006532,0.0017903481570606923
primary_cfg3,3.0,P3S_B032,0.3,0.006602280889637768,0.002404637634754181,1.125,0.01573323344802556,5.249759912739186,1.125,2.75,0.03879310344827586,2.25,30.666666666666668,10.5,3.0,0.34375,0.15828007840069858,0.17115566877926697,0.14601412950059917,0.012265948900099365,0.0010450095368353,0.00038060623335416213
primary_cfg3,3.0,P3S_B032,0.5,0.02110088150065792,0.009814366698265076,1.0,0.013365606679478309,4.628794562929353,1.0,1.0,0.09533898305084745,11.25,25.5,8.75,9.375,0.3477764423076923,0.09767393525399848,0.10207130548958981,0.09338554819618991,0.004288387057808452,0.002061006133497556,0.0009586078174453419
primary_cfg3,3.0,P3S_B033,0.3,0.007440816058078781,0.000871710479259491,1.0,0.019891234232069215,4.5533403033874364,1.0,1.0,0.023706896551724137,1.375,30.833333333333332,7.25,1.875,0.4875,0.22177976152209433,0.24828462679430557,0.1970783490938078,0.02470141242828666,0.001650222410890482,0.00019332774220648047
primary_cfg3,3.0,P3S_B033,0.5,0.030311238690046594,0.005318842828273773,1.25,0.03197929437356918,6.300636487288096,1.25,11.375,0.08792372881355932,10.375,25.428571428571427,11.75,8.375,0.42124368686868685,0.14594472066321973,0.1559503124732925,0.13630786473710504,0.009636855926114641,0.004423765263575029,0.0007762570308239854
primary_cfg3,3.0,P3S_B034,0.3,0.009765054943272844,0.004155486822128296,1.0,0.018888119693810167,7.600570039286032,1.0,1.0,0.034482758620689655,2.0,30.571428571428573,7.375,2.125,0.5833333333333333,0.20576096929989895,0.22827391270483366,0.18465728683619598,0.021103682463702977,0.0020092671703945903,0.000855036996434075
primary_cfg3,3.0,P3S_B034,0.5,0.03532786117284559,0.017334863543510437,1.125,0.02202067914112629,6.643290126682978,1.125,7.125,0.1048728813559322,12.375,25.714285714285715,13.375,9.5,0.374698490507314,0.13331242890916284,0.14164985104066444,0.12525766913460956,0.008054759774553272,0.004709642981117751,0.0023109527637942737
primary_cfg3,3.0,P3S_B035,0.3,0.008807093887298834,0.0032389163970947266,1.0,0.01695167739285244,4.892879238424167,1.0,1.0,0.032327586206896554,1.875,30.714285714285715,6.125,2.375,0.6145833333333334,0.19977114953202768,0.2209173172564775,0.1799094596329864,0.019861689899041378,0.0017594032699021823,0.000647042051885747
primary_cfg3,3.0,P3S_B035,0.5,0.020386133316605992,0.006680160760879517,1.0,0.013875704518120516,4.596179662547029,1.0,1.0,0.0625,7.375,26.75,10.0,5.75,0.5674719887955182,0.10750937747750866,0.11276291292160864,0.1023932674309185,0.005116110046590112,0.002191700502041809,0.0007181799248518375
primary_cfg3,3.0,P3S_B036,0.3,0.019684338272782043,0.006701365113258362,1.0,0.015306738049535225,6.941436334790274,1.0,1.0,0.04741379310344827,2.75,30.428571428571427,8.5,2.75,0.5208333333333333,0.20355624908351377,0.225694717173354,0.18280381072910906,0.020752438354404754,0.0040068700644985645,0.0013641047461939886
primary_cfg3,3.0,P3S_B036,0.5,0.06955391820520163,0.029066570103168488,1.0,0.015784151908912934,7.058326482110728,1.0,1.0,0.11652542372881355,13.75,25.375,15.5,10.25,0.4027820910973085,0.11329273942824736,0.11926668615570647,0.10749173907432366,0.005801000353923854,0.007879953931435538,0.0032930313527711522
primary_cfg3,3.0,P3S_B037,0.3,0.0019198417805341705,0.004753187298774719,1.125,0.01379639571470656,3.0472175229863323,1.125,3.5,0.02586206896551724,1.5,30.6,5.875,2.25,0.23958333333333331,0.1030387200263353,0.10806555557503504,0.09815094186945757,0.004887778156877758,0.00019781803971932144,0.0004897623353111812
primary_cfg3,3.0,P3S_B037,0.5,0.0026048843302817204,0.011191658675670624,1.125,0.014420979130651242,2.6183285213365752,1.125,6.875,0.0413135593220339,4.875,26.571428571428573,12.25,4.875,0.384375,0.09332945072451027,0.0972035565390274,0.08954053707425501,0.003788913650255132,0.00024311242374607675,0.0010445113568965394
primary_cfg3,3.0,P3S_B038,0.3,0.004068389925123483,0.0021263062953948975,1.0,0.017159004240947816,6.225156873900089,1.0,1.0,0.021551724137931036,1.25,30.8,4.0,1.875,0.5,0.20133560943470885,0.22275091543362638,0.18122361472231463,0.020111994712394273,0.000819111764992766,0.00042810117382818976
primary_cfg3,3.0,P3S_B038,0.5,0.012595812557265162,0.004255436360836029,1.25,0.021250228873100012,5.616846727305249,1.25,9.25,0.06779661016949153,8.0,26.75,9.5,6.5,0.6890823637147167,0.11141172617536865,0.11719444572824138,0.10579397736658218,0.005617748808786532,0.0014033212195862963,0.00047410551059017095
primary_cfg3,3.0,P3S_B039,0.3,0.007255146294482984,0.003113165497779846,1.25,0.023514307137635734,6.721470960988768,1.25,8.375,0.04956896551724138,2.875,30.875,8.5,3.875,0.60625,0.21782698510660137,0.2431990042767171,0.19413388169213025,0.02369310341447105,0.001580366643834559,0.0006781314545192757
primary_cfg3,3.0,P3S_B039,0.5,0.016098494539619423,0.005897432565689087,1.25,0.02548367795467243,4.623938266704313,1.25,7.125,0.06567796610169492,7.75,25.875,14.625,6.875,0.5001262626262626,0.15863814935568377,0.170714774366289,0.14705840751677754,0.011579741838906124,0.002553835381177806,0.0009355577881708587
